"POID","ContractorID","ProjectID","SupplierID","OrderDate","Status","TotalAmount"
1,1,,"00160690","2020-01-18 00:00:00",Completed,543580.00
2,1,,"00160690","2022-03-05 00:00:00",Completed,72200.00
3,1,,"00160690","2025-05-29 00:00:00",Completed,1230000.00
4,1,,"00160690","2023-07-26 00:00:00",Completed,1045440.00
5,1,,"00160690","2024-06-16 00:00:00",Completed,3740.00
6,1,,"00160690","2024-07-17 00:00:00",Completed,99230.00
7,1,,"00160690","2021-04-10 00:00:00",Completed,9700.00
8,1,,"00160690","2019-11-02 00:00:00",Completed,181450.00
9,1,,"00160690","2021-02-24 00:00:00",Completed,86640.00
10,1,,"00160690","2021-06-03 00:00:00",Completed,173420.00
11,1,,"00160690","2022-10-31 00:00:00",Completed,627660.00
12,1,,"00160690","2024-06-21 00:00:00",Completed,33000.00
13,1,,"00160690","2024-03-30 00:00:00",Completed,1491420.00
14,1,,"00160690","2021-03-25 00:00:00",Completed,87220.00
15,1,,"00160690","2018-06-14 00:00:00",Completed,20920.00
16,1,,"00160690","2018-05-27 00:00:00",Completed,124460.00
17,1,,"00160690","2024-03-04 00:00:00",Completed,1837700.00
18,1,,"00160690","2022-08-13 00:00:00",Completed,165600.00
19,1,,"00160690","2023-03-07 00:00:00",Completed,247100.00
20,1,,"00160690","2020-02-01 00:00:00",Completed,544450.00
21,1,,"00160690","2025-07-15 00:00:00",Completed,7760.00
22,1,,"00160690","2018-05-28 00:00:00",Completed,5600.00
23,1,,"00160690","2023-03-07 00:00:00",Completed,65860.00
24,1,,"00160690","2018-03-14 00:00:00",Completed,4510.00
25,1,,"00160690","2021-10-23 00:00:00",Completed,5900.00
26,1,,"00160690","2018-08-16 00:00:00",Completed,390420.00
27,1,,"00160690","2020-09-19 00:00:00",Completed,43710.00
28,1,,"00160690","2024-09-18 00:00:00",Completed,172980.00
29,1,,"00160690","2022-09-04 00:00:00",Completed,128060.00
30,1,,"00160690","2021-11-23 00:00:00",Completed,46930.00
31,1,,"00160690","2019-03-06 00:00:00",Completed,16320.00
32,1,,"00160690","2025-01-24 00:00:00",Completed,29480.00
33,1,,"00160690","2020-01-26 00:00:00",Completed,50000.00
34,1,,"00160690","2023-10-25 00:00:00",Completed,91010.00
35,1,,"00160690","2022-09-01 00:00:00",Completed,16200.00
36,1,,"00160690","2022-12-28 00:00:00",Completed,197600.00
37,1,,"00160690","2022-09-27 00:00:00",Completed,678400.00
38,1,,"00160690","2023-04-18 00:00:00",Completed,15260.00
39,1,,"00160690","2019-11-10 00:00:00",Completed,468580.00
40,1,,"00160690","2025-04-03 00:00:00",Completed,123360.00
41,1,,"00160690","2019-04-25 00:00:00",Completed,67540.00
42,1,,"00160690","2021-11-30 00:00:00",Completed,25200.00
43,1,,"00160690","2019-04-08 00:00:00",Completed,300.00
44,1,,"00160690","2020-08-15 00:00:00",Completed,34890.00
45,1,,"00160690","2021-10-29 00:00:00",Completed,201600.00
46,1,,"00160690","2019-09-29 00:00:00",Completed,241110.00
47,1,,"00160690","2023-04-27 00:00:00",Completed,210000.00
48,1,,"00160690","2025-04-09 00:00:00",Completed,425480.00
49,1,,"00160690","2020-04-24 00:00:00",Completed,39800.00
50,1,,"00160690","2021-04-06 00:00:00",Completed,700.00
51,1,,"00160690","2024-09-21 00:00:00",Completed,514700.00
52,1,,"00160690","2021-07-11 00:00:00",Completed,1060800.00
53,1,,"00160690","2025-04-11 00:00:00",Completed,189420.00
54,1,,"00160690","2019-10-26 00:00:00",Completed,18520.00
55,1,,"00160690","2022-01-07 00:00:00",Completed,644190.00
56,1,,"00160690","2023-08-23 00:00:00",Completed,31600.00
57,1,,"00160690","2018-05-20 00:00:00",Completed,21400.00
58,1,,"00160690","2024-09-04 00:00:00",Completed,5400190.00
59,1,,"00160690","2024-02-26 00:00:00",Completed,935420.00
60,1,,"00160690","2022-03-03 00:00:00",Completed,991340.00
61,1,,"00160690","2022-12-24 00:00:00",Completed,286900.00
62,1,,"00160690","2025-03-05 00:00:00",Completed,37100.00
63,1,,"00160690","2025-03-19 00:00:00",Completed,1244330.00
64,1,,"00160690","2021-05-29 00:00:00",Completed,9310.00
65,1,,"00160690","2022-03-01 00:00:00",Completed,313020.00
66,1,,"00160690","2018-08-08 00:00:00",Completed,87000.00
67,1,,"00160690","2021-02-20 00:00:00",Completed,29760.00
68,1,,"00160690","2025-04-01 00:00:00",Completed,57190.00
69,1,,"00160690","2020-05-16 00:00:00",Completed,819000.00
70,1,,"00160690","2023-07-13 00:00:00",Completed,1446000.00
71,1,,"00160690","2021-05-25 00:00:00",Completed,141000.00
72,1,,"00160690","2023-11-10 00:00:00",Completed,41450.00
73,1,,"00160690","2022-03-05 00:00:00",Completed,88540.00
74,1,,"00160690","2024-02-29 00:00:00",Completed,19500.00
75,1,,"00160690","2020-01-04 00:00:00",Completed,261700.00
76,1,,"00160690","2018-03-08 00:00:00",Completed,501950.00
77,1,,"00160690","2019-05-16 00:00:00",Completed,1468620.00
78,1,,"00160690","2022-06-15 00:00:00",Completed,39670.00
79,1,,"00160690","2018-01-15 00:00:00",Completed,2198700.00
80,1,,"00224322","2020-03-31 00:00:00",Completed,43710.00
81,1,,"00224322","2023-06-07 00:00:00",Completed,39430.00
82,1,,"00224322","2018-01-21 00:00:00",Completed,128180.00
83,1,,"00224322","2021-12-04 00:00:00",Completed,42240.00
84,1,,"00224322","2018-06-04 00:00:00",Completed,37570.00
85,1,,"00224322","2023-11-01 00:00:00",Completed,198000.00
86,1,,"00224322","2023-11-10 00:00:00",Completed,8720.00
87,1,,"00224322","2021-07-07 00:00:00",Completed,472510.00
88,1,,"00224322","2021-08-23 00:00:00",Completed,100.00
89,1,,"00224322","2020-09-29 00:00:00",Completed,151500.00
90,1,,"00224322","2021-06-05 00:00:00",Completed,425100.00
91,1,,"00224322","2020-10-30 00:00:00",Completed,2338400.00
92,1,,"00224322","2021-09-24 00:00:00",Completed,26190.00
93,1,,"00224322","2021-04-27 00:00:00",Completed,125100.00
94,1,,"00224322","2019-04-24 00:00:00",Completed,297600.00
95,1,,"00224322","2021-03-08 00:00:00",Completed,300.00
96,1,,"00224322","2019-03-31 00:00:00",Completed,220320.00
97,1,,"00224322","2022-09-29 00:00:00",Completed,7770000.00
98,1,,"00224322","2025-07-10 00:00:00",Completed,1176000.00
99,1,,"00224322","2022-07-16 00:00:00",Completed,508990.00
100,1,,"00224322","2021-04-03 00:00:00",Completed,208260.00
101,1,,"00224322","2020-05-23 00:00:00",Completed,14200.00
102,1,,"00224322","2020-01-26 00:00:00",Completed,1378420.00
103,1,,"00224322","2021-12-16 00:00:00",Completed,314040.00
104,1,,"00224322","2020-07-28 00:00:00",Completed,18890.00
105,1,,"00224322","2022-05-30 00:00:00",Completed,1104030.00
106,1,,"00224322","2021-05-13 00:00:00",Completed,586610.00
107,1,,"00224322","2021-04-14 00:00:00",Completed,314300.00
108,1,,"00224322","2018-02-26 00:00:00",Completed,149400.00
109,1,,"00224322","2023-01-07 00:00:00",Completed,69160.00
110,1,,"00224322","2018-05-17 00:00:00",Completed,143080.00
111,1,,"00224322","2020-03-26 00:00:00",Completed,37340.00
112,1,,"00224322","2023-01-21 00:00:00",Completed,78000.00
113,1,,"00224322","2021-01-15 00:00:00",Completed,4012770.00
114,1,,"00224322","2023-01-04 00:00:00",Completed,97500.00
115,1,,"00224322","2019-11-27 00:00:00",Completed,20312580.00
116,1,,"00224322","2021-10-24 00:00:00",Completed,171100.00
117,1,,"00224322","2019-12-08 00:00:00",Completed,1400.00
118,1,,"00224322","2024-02-09 00:00:00",Completed,210000.00
119,1,,"00224322","2019-11-07 00:00:00",Completed,107640.00
120,1,,"00224322","2020-01-04 00:00:00",Completed,83700.00
121,1,,"00224322","2024-01-05 00:00:00",Completed,230850.00
122,1,,"00224322","2020-09-15 00:00:00",Completed,35640.00
123,1,,"00224322","2018-05-11 00:00:00",Completed,6436220.00
124,1,,"00224322","2018-07-22 00:00:00",Completed,21000.00
125,1,,"00224322","2024-08-26 00:00:00",Completed,2398000.00
126,1,,"00224322","2021-12-20 00:00:00",Completed,129540.00
127,1,,"00224322","2022-01-01 00:00:00",Completed,410740.00
128,1,,"00224322","2018-12-04 00:00:00",Completed,43040.00
129,1,,"00224322","2020-09-27 00:00:00",Completed,1182760.00
130,1,,"00224322","2023-10-20 00:00:00",Completed,347700.00
131,1,,"00224322","2019-05-29 00:00:00",Completed,498110.00
132,1,,"00224322","2024-01-16 00:00:00",Completed,84600.00
133,1,,"00224322","2024-05-25 00:00:00",Completed,1383000.00
134,1,,"00224322","2021-12-24 00:00:00",Completed,52820.00
135,1,,"00224322","2024-11-17 00:00:00",Completed,726000.00
136,1,,"00224322","2018-02-06 00:00:00",Completed,511150.00
137,1,,"00224322","2018-04-29 00:00:00",Completed,232740.00
138,1,,"00224322","2025-07-25 00:00:00",Completed,862680.00
139,1,,"00224322","2021-04-18 00:00:00",Completed,467100.00
140,1,,"00224322","2022-12-22 00:00:00",Completed,1047090.00
141,1,,"00224322","2019-06-18 00:00:00",Completed,718200.00
142,1,,"00224322","2019-08-08 00:00:00",Completed,2050.00
143,1,,"00224322","2025-03-02 00:00:00",Completed,61880.00
144,1,,"00224322","2025-05-12 00:00:00",Completed,25800.00
145,1,,"00224322","2023-02-27 00:00:00",Completed,580000.00
146,1,,"00224322","2023-10-31 00:00:00",Completed,54650.00
147,1,,"00224322","2024-12-12 00:00:00",Completed,449280.00
148,1,,"00224322","2024-04-15 00:00:00",Completed,734780.00
149,1,,"00224322","2021-11-27 00:00:00",Completed,41660.00
150,1,,"00224322","2023-06-04 00:00:00",Completed,34510.00
151,1,,"00224322","2023-09-08 00:00:00",Completed,200.00
152,1,,"00224322","2022-05-07 00:00:00",Completed,177760.00
153,1,,"00224322","2023-05-30 00:00:00",Completed,504740.00
154,1,,"00224322","2023-09-23 00:00:00",Completed,138900.00
155,1,,"00224322","2023-02-25 00:00:00",Completed,27500.00
156,1,,"00224322","2023-06-23 00:00:00",Completed,36940.00
157,1,,"00224322","2020-11-30 00:00:00",Completed,350300.00
158,1,,"00224322","2022-11-02 00:00:00",Completed,155230.00
159,1,,"00750927","2022-08-27 00:00:00",Completed,119690.00
160,1,,"00750927","2021-12-04 00:00:00",Completed,36800.00
161,1,,"00750927","2021-07-13 00:00:00",Completed,1052640.00
162,1,,"00750927","2022-12-01 00:00:00",Completed,709200.00
163,1,,"00750927","2018-01-29 00:00:00",Completed,84170.00
164,1,,"00750927","2022-03-13 00:00:00",Completed,192000.00
165,1,,"00750927","2021-09-06 00:00:00",Completed,3000670.00
166,1,,"00750927","2020-05-09 00:00:00",Completed,121770.00
167,1,,"00750927","2023-10-17 00:00:00",Completed,4774000.00
168,1,,"00750927","2020-08-08 00:00:00",Completed,806520.00
169,1,,"00750927","2021-04-11 00:00:00",Completed,541160.00
170,1,,"00750927","2021-12-13 00:00:00",Completed,138460.00
171,1,,"00750927","2020-11-20 00:00:00",Completed,106700.00
172,1,,"00750927","2025-02-06 00:00:00",Completed,500.00
173,1,,"00750927","2021-04-06 00:00:00",Completed,338690.00
174,1,,"00750927","2019-12-07 00:00:00",Completed,1084170.00
175,1,,"00750927","2024-06-24 00:00:00",Completed,100.00
176,1,,"00750927","2020-03-17 00:00:00",Completed,106110.00
177,1,,"00750927","2023-09-11 00:00:00",Completed,265540.00
178,1,,"00750927","2020-08-07 00:00:00",Completed,480000.00
179,1,,"00750927","2019-09-13 00:00:00",Completed,692080.00
180,1,,"00750927","2018-09-03 00:00:00",Completed,20920.00
181,1,,"00750927","2021-02-05 00:00:00",Completed,137400.00
182,1,,"00750927","2023-12-06 00:00:00",Completed,2886840.00
183,1,,"00750927","2023-02-28 00:00:00",Completed,50000.00
184,1,,"00750927","2021-03-02 00:00:00",Completed,220060.00
185,1,,"00750927","2020-01-13 00:00:00",Completed,182020.00
186,1,,"00750927","2019-01-11 00:00:00",Completed,1012800.00
187,1,,"00750927","2025-04-03 00:00:00",Completed,276000.00
188,1,,"00750927","2020-12-14 00:00:00",Completed,439040.00
189,1,,"00750927","2021-10-06 00:00:00",Completed,647680.00
190,1,,"00750927","2024-09-25 00:00:00",Completed,3370.00
191,1,,"00750927","2024-06-04 00:00:00",Completed,4840.00
192,1,,"00750927","2019-04-26 00:00:00",Completed,122690.00
193,1,,"00750927","2023-02-20 00:00:00",Completed,115250.00
194,1,,"00750927","2021-01-27 00:00:00",Completed,104660.00
195,1,,"00750927","2023-03-14 00:00:00",Completed,300100.00
196,1,,"00750927","2025-03-15 00:00:00",Completed,28400.00
197,1,,"00750927","2020-03-20 00:00:00",Completed,635930.00
198,1,,"00750927","2022-03-14 00:00:00",Completed,43600.00
199,1,,"00750927","2019-01-28 00:00:00",Completed,18600.00
200,1,,"00750927","2021-07-04 00:00:00",Completed,493830.00
201,1,,"00750927","2018-09-27 00:00:00",Completed,38810.00
202,1,,"00750927","2024-11-08 00:00:00",Completed,5908200.00
203,1,,"00750927","2020-11-21 00:00:00",Completed,5510.00
204,1,,"00750927","2021-07-19 00:00:00",Completed,38210.00
205,1,,"00750927","2022-10-31 00:00:00",Completed,12400.00
206,1,,"00750927","2021-11-08 00:00:00",Completed,1209780.00
207,1,,"00750927","2025-02-04 00:00:00",Completed,522000.00
208,1,,"00750927","2019-10-21 00:00:00",Completed,87120.00
209,1,,"00750927","2025-07-09 00:00:00",Completed,2163800.00
210,1,,"00750927","2018-10-15 00:00:00",Completed,698250.00
211,1,,"00750927","2018-10-08 00:00:00",Completed,76430.00
212,1,,"00750927","2023-09-15 00:00:00",Completed,57200.00
213,1,,"00750927","2024-03-11 00:00:00",Completed,97940.00
214,1,,"00750927","2021-06-11 00:00:00",Completed,54100.00
215,1,,"00750927","2021-01-10 00:00:00",Completed,37520.00
216,1,,"00750927","2024-11-21 00:00:00",Completed,327680.00
217,1,,"00750927","2023-06-21 00:00:00",Completed,31530.00
218,1,,"00750927","2022-10-12 00:00:00",Completed,200.00
219,1,,"00750927","2024-03-09 00:00:00",Completed,935420.00
220,1,,"00750927","2025-06-15 00:00:00",Completed,30460.00
221,1,,"00750927","2019-12-23 00:00:00",Completed,304570.00
222,1,,"00750927","2023-09-29 00:00:00",Completed,386500.00
223,1,,"00750927","2019-08-15 00:00:00",Completed,109800.00
224,1,,"00750927","2022-05-15 00:00:00",Completed,71420.00
225,1,,"00750927","2023-07-15 00:00:00",Completed,1228500.00
226,1,,"00750927","2021-11-14 00:00:00",Completed,29300.00
227,1,,"00750927","2019-12-09 00:00:00",Completed,353600.00
228,1,,"00750927","2021-06-23 00:00:00",Completed,1626800.00
229,1,,"00750927","2024-11-21 00:00:00",Completed,393300.00
230,1,,"00750927","2018-07-28 00:00:00",Completed,1007600.00
231,1,,"00750927","2019-06-02 00:00:00",Completed,3560.00
232,1,,"00901493","2025-06-26 00:00:00",Completed,372600.00
233,1,,"00901493","2021-03-09 00:00:00",Completed,200.00
234,1,,"00901493","2023-08-06 00:00:00",Completed,28430.00
235,1,,"00901493","2020-12-02 00:00:00",Completed,31830.00
236,1,,"00901493","2021-12-28 00:00:00",Completed,33850.00
237,1,,"00901493","2023-03-15 00:00:00",Completed,55990.00
238,1,,"00901493","2018-08-04 00:00:00",Completed,524160.00
239,1,,"00901493","2019-07-22 00:00:00",Completed,539500.00
240,1,,"00901493","2024-06-21 00:00:00",Completed,328000.00
241,1,,"00901493","2018-12-12 00:00:00",Completed,39490.00
242,1,,"00901493","2018-01-11 00:00:00",Completed,11100.00
243,1,,"00901493","2025-06-10 00:00:00",Completed,19600.00
244,1,,"00901493","2023-06-28 00:00:00",Completed,1844560.00
245,1,,"00901493","2025-06-28 00:00:00",Completed,28160.00
246,1,,"00901493","2025-04-01 00:00:00",Completed,1777540.00
247,1,,"00901493","2023-09-04 00:00:00",Completed,1284400.00
248,1,,"00901493","2020-05-19 00:00:00",Completed,41290.00
249,1,,"00901493","2025-06-07 00:00:00",Completed,20593660.00
250,1,,"00901493","2021-06-16 00:00:00",Completed,100.00
251,1,,"00901493","2023-01-01 00:00:00",Completed,36500.00
252,1,,"00901493","2021-10-03 00:00:00",Completed,257600.00
253,1,,"00901493","2023-06-08 00:00:00",Completed,394800.00
254,1,,"00901493","2024-03-31 00:00:00",Completed,273540.00
255,1,,"00901493","2019-03-21 00:00:00",Completed,38000.00
256,1,,"00901493","2021-05-01 00:00:00",Completed,93600.00
257,1,,"00901493","2021-05-09 00:00:00",Completed,19100.00
258,1,,"00901493","2021-12-31 00:00:00",Completed,47300.00
259,1,,"00901493","2022-10-11 00:00:00",Completed,201500.00
260,1,,"00901493","2020-02-11 00:00:00",Completed,1856000.00
261,1,,"00901493","2022-05-03 00:00:00",Completed,500.00
262,1,,"00901493","2019-04-02 00:00:00",Completed,154000.00
263,1,,"00901493","2018-04-12 00:00:00",Completed,258720.00
264,1,,"00901493","2023-11-30 00:00:00",Completed,56640.00
265,1,,"00901493","2019-08-02 00:00:00",Completed,200.00
266,1,,"00901493","2022-02-03 00:00:00",Completed,11323120.00
267,1,,"00901493","2019-09-18 00:00:00",Completed,33170.00
268,1,,"00901493","2023-02-02 00:00:00",Completed,137120.00
269,1,,"00901493","2018-06-13 00:00:00",Completed,207020.00
270,1,,"00901493","2018-03-18 00:00:00",Completed,828000.00
271,1,,"00901493","2024-06-03 00:00:00",Completed,1164000.00
272,1,,"00901493","2018-03-29 00:00:00",Completed,117200.00
273,1,,"00901493","2023-06-18 00:00:00",Completed,33700.00
274,1,,"00901493","2023-03-22 00:00:00",Completed,109750.00
275,1,,"00901493","2023-07-26 00:00:00",Completed,433400.00
276,1,,"00901493","2023-07-22 00:00:00",Completed,369720.00
277,1,,"00901493","2020-06-08 00:00:00",Completed,42600.00
278,1,,"00901493","2019-02-10 00:00:00",Completed,20740.00
279,1,,"00901493","2024-12-23 00:00:00",Completed,66740.00
280,1,,"00901493","2021-10-30 00:00:00",Completed,45400.00
281,1,,"00901493","2018-01-11 00:00:00",Completed,252250.00
282,1,,"00901493","2020-04-29 00:00:00",Completed,27260.00
283,1,,"00901493","2021-12-01 00:00:00",Completed,495600.00
284,1,,"00901493","2018-05-08 00:00:00",Completed,38000.00
285,1,,"00901493","2021-09-13 00:00:00",Completed,150400.00
286,1,,"00901493","2018-09-15 00:00:00",Completed,922300.00
287,1,,"00901493","2021-11-27 00:00:00",Completed,159360.00
288,1,,"00901493","2024-05-13 00:00:00",Completed,200.00
289,1,,"00901493","2023-04-18 00:00:00",Completed,29030.00
290,1,,"00901493","2019-07-09 00:00:00",Completed,392040.00
291,1,,"00901493","2020-03-09 00:00:00",Completed,70590.00
292,1,,"00901493","2021-02-12 00:00:00",Completed,29740.00
293,1,,"00901493","2025-01-24 00:00:00",Completed,50230.00
294,1,,"00901493","2020-05-15 00:00:00",Completed,98700.00
295,1,,"00901493","2024-10-30 00:00:00",Completed,1344420.00
296,1,,"00901493","2019-06-03 00:00:00",Completed,4450.00
297,1,,"00901493","2022-01-10 00:00:00",Completed,31400.00
298,1,,"00901493","2023-09-02 00:00:00",Completed,33550.00
299,1,,"00901493","2018-08-11 00:00:00",Completed,12380.00
300,1,,"00901493","2019-09-16 00:00:00",Completed,3170.00
301,1,,"00901493","2020-02-26 00:00:00",Completed,1046500.00
302,1,,"00901493","2024-12-19 00:00:00",Completed,19480.00
303,1,,"00901493","2024-06-23 00:00:00",Completed,39520.00
304,1,,"00901493","2020-10-20 00:00:00",Completed,12600.00
305,1,,"00901493","2018-02-20 00:00:00",Completed,222000.00
306,1,,"00901493","2023-02-11 00:00:00",Completed,100.00
307,1,,"00901493","2021-09-14 00:00:00",Completed,204000.00
308,1,,"00901493","2019-09-20 00:00:00",Completed,92870.00
309,1,,"00901493","2024-10-25 00:00:00",Completed,13260.00
310,1,,"00901493","2019-06-21 00:00:00",Completed,412780.00
311,1,,"01300535","2022-01-08 00:00:00",Completed,1530000.00
312,1,,"01300535","2021-05-30 00:00:00",Completed,33920.00
313,1,,"01300535","2025-05-22 00:00:00",Completed,1111360.00
314,1,,"01300535","2018-07-06 00:00:00",Completed,7370.00
315,1,,"01300535","2025-06-21 00:00:00",Completed,11920.00
316,1,,"01300535","2024-02-19 00:00:00",Completed,30000.00
317,1,,"01300535","2025-01-22 00:00:00",Completed,4014080.00
318,1,,"01300535","2018-01-12 00:00:00",Completed,25500.00
319,1,,"01300535","2020-07-15 00:00:00",Completed,121440.00
320,1,,"01300535","2023-10-18 00:00:00",Completed,163350.00
321,1,,"01300535","2020-08-21 00:00:00",Completed,66300.00
322,1,,"01300535","2020-06-28 00:00:00",Completed,574740.00
323,1,,"01300535","2022-12-23 00:00:00",Completed,20000.00
324,1,,"01300535","2024-01-29 00:00:00",Completed,49000.00
325,1,,"01300535","2018-01-30 00:00:00",Completed,21660.00
326,1,,"01300535","2024-11-16 00:00:00",Completed,13800.00
327,1,,"01300535","2019-08-23 00:00:00",Completed,73250.00
328,1,,"01300535","2025-06-01 00:00:00",Completed,230850.00
329,1,,"01300535","2021-10-25 00:00:00",Completed,39500.00
330,1,,"01300535","2020-04-03 00:00:00",Completed,302930.00
331,1,,"01300535","2021-12-24 00:00:00",Completed,4300.00
332,1,,"01300535","2018-09-09 00:00:00",Completed,845000.00
333,1,,"01300535","2021-04-22 00:00:00",Completed,3800.00
334,1,,"01300535","2024-06-06 00:00:00",Completed,124800.00
335,1,,"01300535","2024-01-26 00:00:00",Completed,594000.00
336,1,,"01300535","2018-10-16 00:00:00",Completed,6910.00
337,1,,"01300535","2021-10-10 00:00:00",Completed,298800.00
338,1,,"01300535","2023-01-06 00:00:00",Completed,7644000.00
339,1,,"01300535","2020-02-07 00:00:00",Completed,634800.00
340,1,,"01300535","2025-01-19 00:00:00",Completed,2679040.00
341,1,,"01300535","2019-05-23 00:00:00",Completed,3300.00
342,1,,"01300535","2024-05-06 00:00:00",Completed,23300.00
343,1,,"01300535","2025-01-12 00:00:00",Completed,158840.00
344,1,,"01300535","2019-01-24 00:00:00",Completed,712000.00
345,1,,"01300535","2020-08-04 00:00:00",Completed,420000.00
346,1,,"01300535","2024-03-17 00:00:00",Completed,504900.00
347,1,,"01300535","2022-10-04 00:00:00",Completed,218400.00
348,1,,"01300535","2023-04-06 00:00:00",Completed,13000.00
349,1,,"01300535","2019-03-27 00:00:00",Completed,81980.00
350,1,,"01300535","2022-06-08 00:00:00",Completed,2310800.00
351,1,,"01300535","2023-07-09 00:00:00",Completed,700.00
352,1,,"01300535","2018-12-25 00:00:00",Completed,801990.00
353,1,,"01300535","2020-04-17 00:00:00",Completed,11700.00
354,1,,"01300535","2024-01-21 00:00:00",Completed,100.00
355,1,,"01300535","2025-06-25 00:00:00",Completed,149850.00
356,1,,"01300535","2020-03-08 00:00:00",Completed,97920.00
357,1,,"01300535","2024-09-09 00:00:00",Completed,1036800.00
358,1,,"01300535","2022-09-18 00:00:00",Completed,474000.00
359,1,,"01300535","2022-10-03 00:00:00",Completed,37820.00
360,1,,"01300535","2021-09-13 00:00:00",Completed,6860.00
361,1,,"01300535","2020-07-22 00:00:00",Completed,9120.00
362,1,,"01300535","2023-02-01 00:00:00",Completed,22400.00
363,1,,"01300535","2022-10-19 00:00:00",Completed,2900.00
364,1,,"01300535","2023-12-26 00:00:00",Completed,1370430.00
365,1,,"01300535","2023-09-23 00:00:00",Completed,200.00
366,1,,"01300535","2024-06-08 00:00:00",Completed,11952000.00
367,1,,"01300535","2020-11-24 00:00:00",Completed,6210.00
368,1,,"01300535","2021-09-04 00:00:00",Completed,274250.00
369,1,,"01300535","2018-02-28 00:00:00",Completed,515970.00
370,1,,"01300535","2025-05-11 00:00:00",Completed,719660.00
371,1,,"01300535","2020-03-27 00:00:00",Completed,155600.00
372,1,,"01300535","2023-01-14 00:00:00",Completed,45060.00
373,1,,"01300535","2023-04-28 00:00:00",Completed,204960.00
374,1,,"01300535","2019-05-23 00:00:00",Completed,863040.00
375,1,,"01300535","2020-12-03 00:00:00",Completed,42400.00
376,1,,"01300535","2023-04-16 00:00:00",Completed,34560.00
377,1,,"01300535","2024-09-13 00:00:00",Completed,75800.00
378,1,,"01300535","2021-07-31 00:00:00",Completed,41650.00
379,1,,"01300535","2018-11-25 00:00:00",Completed,142500.00
380,1,,"01300535","2019-03-09 00:00:00",Completed,1258290.00
381,1,,"01300535","2020-12-05 00:00:00",Completed,2181480.00
382,1,,"01300535","2022-03-12 00:00:00",Completed,46400.00
383,1,,"01300535","2025-04-09 00:00:00",Completed,294600.00
384,1,,"01300535","2024-09-07 00:00:00",Completed,34000.00
385,1,,"01300535","2019-12-15 00:00:00",Completed,384160.00
386,1,,"01300535","2021-09-27 00:00:00",Completed,30040.00
387,1,,"01300535","2023-07-07 00:00:00",Completed,62470.00
388,1,,"01300535","2019-09-12 00:00:00",Completed,125930.00
389,1,,"01673623","2025-03-02 00:00:00",Completed,15600.00
390,1,,"01673623","2022-06-20 00:00:00",Completed,307120.00
391,1,,"01673623","2020-04-22 00:00:00",Completed,71910.00
392,1,,"01673623","2023-03-14 00:00:00",Completed,129250.00
393,1,,"01673623","2018-06-28 00:00:00",Completed,2500.00
394,1,,"01673623","2018-02-07 00:00:00",Completed,77000.00
395,1,,"01673623","2022-07-04 00:00:00",Completed,317500.00
396,1,,"01673623","2020-01-19 00:00:00",Completed,217730.00
397,1,,"01673623","2020-03-19 00:00:00",Completed,80260.00
398,1,,"01673623","2019-06-22 00:00:00",Completed,33850.00
399,1,,"01673623","2018-02-02 00:00:00",Completed,463680.00
400,1,,"01673623","2018-01-07 00:00:00",Completed,9220.00
401,1,,"01673623","2021-08-18 00:00:00",Completed,35310.00
402,1,,"01673623","2021-11-17 00:00:00",Completed,120300.00
403,1,,"01673623","2020-02-27 00:00:00",Completed,3570.00
404,1,,"01673623","2025-03-20 00:00:00",Completed,4547200.00
405,1,,"01673623","2019-02-17 00:00:00",Completed,7600.00
406,1,,"01673623","2020-05-01 00:00:00",Completed,1210970.00
407,1,,"01673623","2021-11-03 00:00:00",Completed,214830.00
408,1,,"01673623","2021-06-02 00:00:00",Completed,4270.00
409,1,,"01673623","2024-12-03 00:00:00",Completed,29580.00
410,1,,"01673623","2022-06-30 00:00:00",Completed,160080.00
411,1,,"01673623","2024-07-11 00:00:00",Completed,204600.00
412,1,,"01673623","2022-01-25 00:00:00",Completed,40200.00
413,1,,"01673623","2018-02-11 00:00:00",Completed,43000.00
414,1,,"01673623","2022-07-31 00:00:00",Completed,192420.00
415,1,,"01673623","2022-07-27 00:00:00",Completed,803090.00
416,1,,"01673623","2025-04-14 00:00:00",Completed,136000.00
417,1,,"01673623","2024-10-22 00:00:00",Completed,269890.00
418,1,,"01673623","2022-02-08 00:00:00",Completed,266450.00
419,1,,"01673623","2025-06-15 00:00:00",Completed,672500.00
420,1,,"01673623","2023-03-18 00:00:00",Completed,799200.00
421,1,,"01673623","2021-06-04 00:00:00",Completed,26000.00
422,1,,"01673623","2023-07-08 00:00:00",Completed,1198800.00
423,1,,"01673623","2020-05-11 00:00:00",Completed,74200.00
424,1,,"01673623","2021-09-05 00:00:00",Completed,2300.00
425,1,,"01673623","2020-05-03 00:00:00",Completed,722840.00
426,1,,"01673623","2018-03-09 00:00:00",Completed,22600.00
427,1,,"01673623","2020-05-12 00:00:00",Completed,596160.00
428,1,,"01673623","2023-11-11 00:00:00",Completed,35460.00
429,1,,"01673623","2021-09-11 00:00:00",Completed,982370.00
430,1,,"01673623","2020-07-24 00:00:00",Completed,116840.00
431,1,,"01673623","2020-01-07 00:00:00",Completed,67400.00
432,1,,"01673623","2025-06-09 00:00:00",Completed,32630.00
433,1,,"01673623","2024-07-11 00:00:00",Completed,157580.00
434,1,,"01673623","2019-04-09 00:00:00",Completed,363310.00
435,1,,"01673623","2024-09-05 00:00:00",Completed,111870.00
436,1,,"01673623","2024-02-27 00:00:00",Completed,1696700.00
437,1,,"01673623","2021-08-07 00:00:00",Completed,320100.00
438,1,,"01673623","2025-01-23 00:00:00",Completed,336200.00
439,1,,"01673623","2023-09-06 00:00:00",Completed,291650.00
440,1,,"01673623","2020-07-30 00:00:00",Completed,21100.00
441,1,,"01673623","2022-01-29 00:00:00",Completed,78960.00
442,1,,"01673623","2025-02-21 00:00:00",Completed,769430.00
443,1,,"01673623","2025-03-04 00:00:00",Completed,42600.00
444,1,,"01673623","2024-02-03 00:00:00",Completed,875800.00
445,1,,"01673623","2023-04-10 00:00:00",Completed,1023500.00
446,1,,"01673623","2020-11-12 00:00:00",Completed,614980.00
447,1,,"01673623","2022-11-20 00:00:00",Completed,126020.00
448,1,,"01673623","2022-10-08 00:00:00",Completed,316400.00
449,1,,"01673623","2023-07-19 00:00:00",Completed,1131000.00
450,1,,"01673623","2019-09-16 00:00:00",Completed,358190.00
451,1,,"01673623","2019-10-19 00:00:00",Completed,15840.00
452,1,,"01673623","2021-12-04 00:00:00",Completed,8320.00
453,1,,"01673623","2019-09-02 00:00:00",Completed,399840.00
454,1,,"01673623","2023-12-06 00:00:00",Completed,61190.00
455,1,,"01673623","2018-01-15 00:00:00",Completed,43700.00
456,1,,"01673623","2023-06-22 00:00:00",Completed,260180.00
457,1,,"01673623","2023-01-08 00:00:00",Completed,37600.00
458,1,,"01673623","2024-10-09 00:00:00",Completed,24200.00
459,1,,"01673623","2019-10-25 00:00:00",Completed,840350.00
460,1,,"01673623","2022-06-06 00:00:00",Completed,846770.00
461,1,,"01673623","2019-01-27 00:00:00",Completed,190860.00
462,1,,"01673623","2024-10-16 00:00:00",Completed,193640.00
463,1,,"01673623","2023-01-27 00:00:00",Completed,98700.00
464,1,,"01673623","2020-11-14 00:00:00",Completed,36470.00
465,1,,"01673623","2020-06-09 00:00:00",Completed,16800.00
466,1,,"01673623","2024-12-06 00:00:00",Completed,167770.00
467,1,,"01673623","2021-06-29 00:00:00",Completed,1203200.00
468,1,,"01673623","2025-03-16 00:00:00",Completed,10340.00
469,1,,"01673623","2018-12-05 00:00:00",Completed,159120.00
470,1,,"01673623","2022-10-09 00:00:00",Completed,552900.00
471,1,,"01673623","2022-12-26 00:00:00",Completed,8550.00
472,1,,"01673623","2018-04-04 00:00:00",Completed,600.00
473,1,,"01673623","2023-02-13 00:00:00",Completed,254800.00
474,1,,"01673623","2022-11-15 00:00:00",Completed,100.00
475,1,,"01673623","2024-09-09 00:00:00",Completed,112750.00
476,1,,"01673623","2023-08-17 00:00:00",Completed,3900.00
477,1,,"01673623","2025-03-28 00:00:00",Completed,140940.00
478,1,,"01673623","2024-08-13 00:00:00",Completed,7705150.00
479,1,,"01673623","2020-10-08 00:00:00",Completed,75060.00
480,1,,"01673623","2019-06-28 00:00:00",Completed,252860.00
481,1,,"01749564","2025-01-23 00:00:00",Completed,6500.00
482,1,,"01749564","2018-04-17 00:00:00",Completed,18600.00
483,1,,"01749564","2019-02-28 00:00:00",Completed,20680.00
484,1,,"01749564","2022-02-10 00:00:00",Completed,46400.00
485,1,,"01749564","2020-11-16 00:00:00",Completed,21420.00
486,1,,"01749564","2019-05-21 00:00:00",Completed,9204430.00
487,1,,"01749564","2022-02-04 00:00:00",Completed,60540.00
488,1,,"01749564","2019-03-15 00:00:00",Completed,1176030.00
489,1,,"01749564","2025-05-30 00:00:00",Completed,880570.00
490,1,,"01749564","2020-12-09 00:00:00",Completed,821100.00
491,1,,"01749564","2020-12-23 00:00:00",Completed,127870.00
492,1,,"01749564","2019-02-11 00:00:00",Completed,364000.00
493,1,,"01749564","2019-02-20 00:00:00",Completed,438900.00
494,1,,"01749564","2019-11-10 00:00:00",Completed,35400.00
495,1,,"01749564","2019-12-08 00:00:00",Completed,32420.00
496,1,,"01749564","2023-10-27 00:00:00",Completed,200.00
497,1,,"01749564","2022-02-26 00:00:00",Completed,585200.00
498,1,,"01749564","2022-12-22 00:00:00",Completed,6937300.00
499,1,,"01749564","2018-01-20 00:00:00",Completed,112900.00
500,1,,"01749564","2020-04-18 00:00:00",Completed,1397760.00
501,1,,"01749564","2022-05-04 00:00:00",Completed,102340.00
502,1,,"01749564","2022-09-08 00:00:00",Completed,1924650.00
503,1,,"01749564","2022-10-08 00:00:00",Completed,21600.00
504,1,,"01749564","2019-04-17 00:00:00",Completed,18200.00
505,1,,"01749564","2024-05-29 00:00:00",Completed,58100.00
506,1,,"01749564","2023-07-13 00:00:00",Completed,2670.00
507,1,,"01749564","2020-05-07 00:00:00",Completed,868000.00
508,1,,"01749564","2024-08-09 00:00:00",Completed,776740.00
509,1,,"01749564","2019-12-24 00:00:00",Completed,219600.00
510,1,,"01749564","2022-09-28 00:00:00",Completed,2538900.00
511,1,,"01749564","2025-02-14 00:00:00",Completed,41600.00
512,1,,"01749564","2025-05-12 00:00:00",Completed,136400.00
513,1,,"01749564","2023-03-06 00:00:00",Completed,70300.00
514,1,,"01749564","2025-07-03 00:00:00",Completed,93510.00
515,1,,"01749564","2018-06-30 00:00:00",Completed,504900.00
516,1,,"01749564","2025-02-12 00:00:00",Completed,1057400.00
517,1,,"01749564","2021-11-11 00:00:00",Completed,1051780.00
518,1,,"01749564","2023-04-11 00:00:00",Completed,278400.00
519,1,,"01749564","2022-04-23 00:00:00",Completed,23800.00
520,1,,"01749564","2018-12-12 00:00:00",Completed,84620.00
521,1,,"01749564","2023-11-11 00:00:00",Completed,38700.00
522,1,,"01749564","2021-06-28 00:00:00",Completed,37600.00
523,1,,"01749564","2018-02-11 00:00:00",Completed,201700.00
524,1,,"01749564","2020-11-13 00:00:00",Completed,254930.00
525,1,,"01749564","2021-02-13 00:00:00",Completed,241300.00
526,1,,"01749564","2021-09-13 00:00:00",Completed,635540.00
527,1,,"01749564","2021-09-30 00:00:00",Completed,20700.00
528,1,,"01749564","2021-03-03 00:00:00",Completed,145110.00
529,1,,"01749564","2021-08-29 00:00:00",Completed,577300.00
530,1,,"01749564","2022-11-14 00:00:00",Completed,66070.00
531,1,,"01749564","2023-05-31 00:00:00",Completed,305550.00
532,1,,"01749564","2020-04-11 00:00:00",Completed,279300.00
533,1,,"01749564","2025-03-03 00:00:00",Completed,183260.00
534,1,,"01749564","2019-03-09 00:00:00",Completed,189200.00
535,1,,"01749564","2021-10-13 00:00:00",Completed,9090.00
536,1,,"01749564","2021-07-30 00:00:00",Completed,17200.00
537,1,,"01749564","2018-09-05 00:00:00",Completed,1060220.00
538,1,,"01749564","2024-09-27 00:00:00",Completed,75600.00
539,1,,"01749564","2022-12-17 00:00:00",Completed,4090.00
540,1,,"01749564","2024-10-01 00:00:00",Completed,97420.00
541,1,,"01749564","2022-08-25 00:00:00",Completed,43900.00
542,1,,"01749564","2019-05-14 00:00:00",Completed,245090.00
543,1,,"01749564","2023-04-19 00:00:00",Completed,1983680.00
544,1,,"01749564","2023-11-12 00:00:00",Completed,12800.00
545,1,,"01749564","2023-09-11 00:00:00",Completed,95160.00
546,1,,"01749564","2025-04-10 00:00:00",Completed,46000.00
547,1,,"01749564","2021-12-19 00:00:00",Completed,48230.00
548,1,,"01749564","2024-12-26 00:00:00",Completed,827700.00
549,1,,"01749564","2019-11-12 00:00:00",Completed,20710.00
550,1,,"01749564","2023-10-22 00:00:00",Completed,11000.00
551,1,,"01749564","2018-11-28 00:00:00",Completed,160520.00
552,1,,"01749564","2024-02-22 00:00:00",Completed,6560.00
553,1,,"01749564","2020-06-12 00:00:00",Completed,7330.00
554,1,,"01749564","2020-06-05 00:00:00",Completed,37790.00
555,1,,"01749564","2022-09-25 00:00:00",Completed,200.00
556,1,,"01749564","2018-08-04 00:00:00",Completed,162660.00
557,1,,"01749564","2019-05-27 00:00:00",Completed,27930.00
558,1,,"01821161","2021-04-14 00:00:00",Completed,36960.00
559,1,,"01821161","2021-11-18 00:00:00",Completed,287620.00
560,1,,"01821161","2022-05-02 00:00:00",Completed,102900.00
561,1,,"01821161","2025-07-08 00:00:00",Completed,163940.00
562,1,,"01821161","2021-04-03 00:00:00",Completed,900.00
563,1,,"01821161","2024-09-22 00:00:00",Completed,184600.00
564,1,,"01821161","2021-10-10 00:00:00",Completed,108800.00
565,1,,"01821161","2020-05-28 00:00:00",Completed,524160.00
566,1,,"01821161","2025-06-08 00:00:00",Completed,9700.00
567,1,,"01821161","2021-12-15 00:00:00",Completed,174420.00
568,1,,"01821161","2018-06-29 00:00:00",Completed,16600.00
569,1,,"01821161","2018-11-07 00:00:00",Completed,24550.00
570,1,,"01821161","2019-09-13 00:00:00",Completed,69000.00
571,1,,"01821161","2025-01-27 00:00:00",Completed,78280.00
572,1,,"01821161","2021-01-29 00:00:00",Completed,561090.00
573,1,,"01821161","2019-03-04 00:00:00",Completed,176930.00
574,1,,"01821161","2018-02-19 00:00:00",Completed,1783400.00
575,1,,"01821161","2020-10-26 00:00:00",Completed,429120.00
576,1,,"01821161","2021-07-26 00:00:00",Completed,153700.00
577,1,,"01821161","2025-05-08 00:00:00",Completed,324000.00
578,1,,"01821161","2022-04-27 00:00:00",Completed,474900.00
579,1,,"01821161","2020-12-02 00:00:00",Completed,855100.00
580,1,,"01821161","2023-10-10 00:00:00",Completed,11880.00
581,1,,"01821161","2021-06-03 00:00:00",Completed,55210.00
582,1,,"01821161","2020-08-29 00:00:00",Completed,200.00
583,1,,"01821161","2020-04-19 00:00:00",Completed,25480.00
584,1,,"01821161","2024-11-22 00:00:00",Completed,128490.00
585,1,,"01821161","2022-12-15 00:00:00",Completed,800.00
586,1,,"01821161","2022-08-29 00:00:00",Completed,1007190.00
587,1,,"01821161","2021-01-26 00:00:00",Completed,86700.00
588,1,,"01821161","2021-10-07 00:00:00",Completed,586080.00
589,1,,"01821161","2025-02-17 00:00:00",Completed,166600.00
590,1,,"01821161","2024-11-19 00:00:00",Completed,5540.00
591,1,,"01821161","2019-10-23 00:00:00",Completed,363000.00
592,1,,"01821161","2020-09-03 00:00:00",Completed,346680.00
593,1,,"01821161","2025-02-21 00:00:00",Completed,39600.00
594,1,,"01821161","2020-05-31 00:00:00",Completed,1149120.00
595,1,,"01821161","2025-03-30 00:00:00",Completed,2780.00
596,1,,"01821161","2019-12-02 00:00:00",Completed,846300.00
597,1,,"01821161","2021-04-04 00:00:00",Completed,28800.00
598,1,,"01821161","2022-11-25 00:00:00",Completed,301750.00
599,1,,"01821161","2021-10-20 00:00:00",Completed,425340.00
600,1,,"01821161","2024-02-15 00:00:00",Completed,36700.00
601,1,,"01821161","2022-10-02 00:00:00",Completed,289000.00
602,1,,"01821161","2023-04-02 00:00:00",Completed,31730.00
603,1,,"01821161","2021-03-02 00:00:00",Completed,309010.00
604,1,,"01821161","2018-01-13 00:00:00",Completed,232180.00
605,1,,"01821161","2023-04-12 00:00:00",Completed,971770.00
606,1,,"01821161","2019-04-19 00:00:00",Completed,2016000.00
607,1,,"01821161","2022-12-20 00:00:00",Completed,37260.00
608,1,,"01821161","2025-05-16 00:00:00",Completed,23600.00
609,1,,"01821161","2019-08-31 00:00:00",Completed,345600.00
610,1,,"01821161","2020-01-08 00:00:00",Completed,44320.00
611,1,,"01821161","2019-03-16 00:00:00",Completed,40610.00
612,1,,"01821161","2020-04-23 00:00:00",Completed,357390.00
613,1,,"01821161","2021-11-03 00:00:00",Completed,24700.00
614,1,,"01821161","2020-12-22 00:00:00",Completed,28800.00
615,1,,"01821161","2021-04-07 00:00:00",Completed,258000.00
616,1,,"01821161","2020-11-14 00:00:00",Completed,383520.00
617,1,,"01821161","2020-05-01 00:00:00",Completed,1400.00
618,1,,"01821161","2024-02-29 00:00:00",Completed,30000.00
619,1,,"01821161","2019-05-31 00:00:00",Completed,3620070.00
620,1,,"01821161","2024-01-22 00:00:00",Completed,70850.00
621,1,,"01821161","2018-05-29 00:00:00",Completed,28760.00
622,1,,"01821161","2020-11-14 00:00:00",Completed,253080.00
623,1,,"01821161","2022-05-23 00:00:00",Completed,262350.00
624,1,,"01821161","2018-04-18 00:00:00",Completed,292410.00
625,1,,"01821161","2019-06-20 00:00:00",Completed,180770.00
626,1,,"01821161","2022-11-22 00:00:00",Completed,226010.00
627,1,,"01821161","2019-11-21 00:00:00",Completed,3000.00
628,1,,"01821161","2021-09-16 00:00:00",Completed,1121000.00
629,1,,"01821161","2021-01-17 00:00:00",Completed,525000.00
630,1,,"01821161","2020-02-20 00:00:00",Completed,191100.00
631,1,,"01821161","2019-08-05 00:00:00",Completed,108400.00
632,1,,"01821161","2025-01-19 00:00:00",Completed,18720.00
633,1,,"01821161","2022-08-01 00:00:00",Completed,26750.00
634,1,,"01821161","2018-01-02 00:00:00",Completed,16150.00
635,1,,"01821161","2023-05-30 00:00:00",Completed,357000.00
636,1,,"01821161","2025-05-16 00:00:00",Completed,24580.00
637,1,,"01821161","2024-06-21 00:00:00",Completed,16800.00
638,1,,"02051123","2024-08-18 00:00:00",Completed,34450.00
639,1,,"02051123","2024-06-04 00:00:00",Completed,658920.00
640,1,,"02051123","2018-11-01 00:00:00",Completed,3443100.00
641,1,,"02051123","2019-10-12 00:00:00",Completed,21380.00
642,1,,"02051123","2019-10-20 00:00:00",Completed,233400.00
643,1,,"02051123","2018-06-02 00:00:00",Completed,41000.00
644,1,,"02051123","2019-12-09 00:00:00",Completed,400.00
645,1,,"02051123","2020-07-28 00:00:00",Completed,46200.00
646,1,,"02051123","2018-11-29 00:00:00",Completed,475800.00
647,1,,"02051123","2024-06-24 00:00:00",Completed,83200.00
648,1,,"02051123","2020-02-15 00:00:00",Completed,1550000.00
649,1,,"02051123","2019-04-17 00:00:00",Completed,42800.00
650,1,,"02051123","2019-07-11 00:00:00",Completed,21800.00
651,1,,"02051123","2019-05-13 00:00:00",Completed,148610.00
652,1,,"02051123","2023-05-04 00:00:00",Completed,2520.00
653,1,,"02051123","2020-02-28 00:00:00",Completed,2138600.00
654,1,,"02051123","2021-07-12 00:00:00",Completed,592800.00
655,1,,"02051123","2020-09-09 00:00:00",Completed,120800.00
656,1,,"02051123","2018-10-17 00:00:00",Completed,228500.00
657,1,,"02051123","2022-04-12 00:00:00",Completed,90630.00
658,1,,"02051123","2024-05-26 00:00:00",Completed,2300.00
659,1,,"02051123","2022-11-15 00:00:00",Completed,233280.00
660,1,,"02051123","2019-07-08 00:00:00",Completed,100.00
661,1,,"02051123","2023-12-05 00:00:00",Completed,95100.00
662,1,,"02051123","2023-03-26 00:00:00",Completed,4423200.00
663,1,,"02051123","2025-04-23 00:00:00",Completed,192560.00
664,1,,"02051123","2019-10-16 00:00:00",Completed,388300.00
665,1,,"02051123","2023-06-29 00:00:00",Completed,140600.00
666,1,,"02051123","2018-04-10 00:00:00",Completed,968760.00
667,1,,"02051123","2024-08-02 00:00:00",Completed,2037000.00
668,1,,"02051123","2024-10-28 00:00:00",Completed,415800.00
669,1,,"02051123","2022-01-30 00:00:00",Completed,138710.00
670,1,,"02051123","2020-11-09 00:00:00",Completed,859500.00
671,1,,"02051123","2024-01-02 00:00:00",Completed,44360.00
672,1,,"02051123","2024-01-08 00:00:00",Completed,791780.00
673,1,,"02051123","2023-02-01 00:00:00",Completed,100.00
674,1,,"02051123","2024-07-14 00:00:00",Completed,138870.00
675,1,,"02051123","2025-06-29 00:00:00",Completed,1200.00
676,1,,"02051123","2024-05-15 00:00:00",Completed,75240.00
677,1,,"02051123","2019-12-21 00:00:00",Completed,43700.00
678,1,,"02051123","2018-01-05 00:00:00",Completed,636000.00
679,1,,"02051123","2019-10-21 00:00:00",Completed,381990.00
680,1,,"02051123","2024-02-19 00:00:00",Completed,885600.00
681,1,,"02051123","2020-01-04 00:00:00",Completed,39790.00
682,1,,"02051123","2020-07-22 00:00:00",Completed,29160.00
683,1,,"02051123","2019-09-14 00:00:00",Completed,41200.00
684,1,,"02051123","2020-12-24 00:00:00",Completed,104880.00
685,1,,"02051123","2025-06-24 00:00:00",Completed,34530.00
686,1,,"02051123","2018-03-26 00:00:00",Completed,4550.00
687,1,,"02051123","2023-02-09 00:00:00",Completed,41200.00
688,1,,"02051123","2019-11-03 00:00:00",Completed,25000.00
689,1,,"02051123","2020-12-05 00:00:00",Completed,104880.00
690,1,,"02051123","2022-10-11 00:00:00",Completed,1294650.00
691,1,,"02051123","2023-05-05 00:00:00",Completed,600.00
692,1,,"02051123","2020-09-26 00:00:00",Completed,168820.00
693,1,,"02051123","2018-05-28 00:00:00",Completed,1056000.00
694,1,,"02051123","2020-12-04 00:00:00",Completed,56230.00
695,1,,"02051123","2025-07-16 00:00:00",Completed,6100.00
696,1,,"02051123","2025-06-07 00:00:00",Completed,48400.00
697,1,,"02051123","2020-09-28 00:00:00",Completed,8428000.00
698,1,,"02051123","2024-08-03 00:00:00",Completed,509300.00
699,1,,"02051123","2022-05-24 00:00:00",Completed,1344120.00
700,1,,"02051123","2018-04-23 00:00:00",Completed,182280.00
701,1,,"02051123","2022-08-03 00:00:00",Completed,1244100.00
702,1,,"02051123","2022-01-07 00:00:00",Completed,90000.00
703,1,,"02051123","2025-03-18 00:00:00",Completed,5569200.00
704,1,,"02051123","2024-03-10 00:00:00",Completed,420210.00
705,1,,"02051123","2019-07-02 00:00:00",Completed,22300.00
706,1,,"02051123","2019-01-17 00:00:00",Completed,28200.00
707,1,,"02051123","2020-05-24 00:00:00",Completed,19300.00
708,1,,"02051123","2020-01-03 00:00:00",Completed,29010.00
709,1,,"02051123","2022-11-12 00:00:00",Completed,4600230.00
710,1,,"02051123","2023-05-26 00:00:00",Completed,75600.00
711,1,,"02051123","2019-10-05 00:00:00",Completed,129340.00
712,1,,"02051123","2025-03-31 00:00:00",Completed,55940.00
713,1,,"02051123","2018-10-10 00:00:00",Completed,18530.00
714,1,,"02051123","2025-05-11 00:00:00",Completed,31040.00
715,1,,"02051123","2022-05-09 00:00:00",Completed,100.00
716,1,,"02051123","2023-06-26 00:00:00",Completed,712500.00
717,1,,"02051123","2023-04-12 00:00:00",Completed,564900.00
718,1,,"02051123","2025-04-23 00:00:00",Completed,133500.00
719,1,,"02051123","2025-02-18 00:00:00",Completed,75460.00
720,1,,"02293392","2019-01-25 00:00:00",Completed,129270.00
721,1,,"02293392","2021-05-29 00:00:00",Completed,626400.00
722,1,,"02293392","2023-06-04 00:00:00",Completed,48170.00
723,1,,"02293392","2023-05-26 00:00:00",Completed,79200.00
724,1,,"02293392","2019-02-17 00:00:00",Completed,200.00
725,1,,"02293392","2025-03-26 00:00:00",Completed,24000.00
726,1,,"02293392","2022-01-12 00:00:00",Completed,4611020.00
727,1,,"02293392","2020-03-28 00:00:00",Completed,57020.00
728,1,,"02293392","2021-06-24 00:00:00",Completed,431200.00
729,1,,"02293392","2018-05-02 00:00:00",Completed,30800.00
730,1,,"02293392","2020-03-22 00:00:00",Completed,200.00
731,1,,"02293392","2025-02-27 00:00:00",Completed,163200.00
732,1,,"02293392","2018-10-19 00:00:00",Completed,100.00
733,1,,"02293392","2021-02-27 00:00:00",Completed,924110.00
734,1,,"02293392","2020-01-11 00:00:00",Completed,27600.00
735,1,,"02293392","2023-01-09 00:00:00",Completed,47470.00
736,1,,"02293392","2024-10-23 00:00:00",Completed,12200.00
737,1,,"02293392","2020-08-22 00:00:00",Completed,86740.00
738,1,,"02293392","2020-04-26 00:00:00",Completed,144650.00
739,1,,"02293392","2023-12-31 00:00:00",Completed,436000.00
740,1,,"02293392","2024-10-31 00:00:00",Completed,62330.00
741,1,,"02293392","2020-10-02 00:00:00",Completed,37830.00
742,1,,"02293392","2023-05-21 00:00:00",Completed,396800.00
743,1,,"02293392","2020-07-08 00:00:00",Completed,47200.00
744,1,,"02293392","2020-04-02 00:00:00",Completed,812000.00
745,1,,"02293392","2022-11-17 00:00:00",Completed,125030.00
746,1,,"02293392","2024-03-06 00:00:00",Completed,60960.00
747,1,,"02293392","2019-02-06 00:00:00",Completed,3766400.00
748,1,,"02293392","2018-02-19 00:00:00",Completed,56160.00
749,1,,"02293392","2019-03-10 00:00:00",Completed,58010.00
750,1,,"02293392","2023-04-17 00:00:00",Completed,177480.00
751,1,,"02293392","2024-09-02 00:00:00",Completed,527800.00
752,1,,"02293392","2022-09-08 00:00:00",Completed,41100.00
753,1,,"02293392","2018-11-27 00:00:00",Completed,5200.00
754,1,,"02293392","2018-06-22 00:00:00",Completed,39650.00
755,1,,"02293392","2025-06-03 00:00:00",Completed,21600.00
756,1,,"02293392","2024-12-15 00:00:00",Completed,534600.00
757,1,,"02293392","2021-03-09 00:00:00",Completed,35700.00
758,1,,"02293392","2025-07-11 00:00:00",Completed,100.00
759,1,,"02293392","2021-06-17 00:00:00",Completed,30400.00
760,1,,"02293392","2019-12-01 00:00:00",Completed,558000.00
761,1,,"02293392","2022-11-29 00:00:00",Completed,190460.00
762,1,,"02293392","2019-04-18 00:00:00",Completed,188000.00
763,1,,"02293392","2019-01-23 00:00:00",Completed,439220.00
764,1,,"02293392","2023-01-18 00:00:00",Completed,336700.00
765,1,,"02293392","2024-11-14 00:00:00",Completed,400.00
766,1,,"02293392","2021-02-17 00:00:00",Completed,755100.00
767,1,,"02293392","2024-04-18 00:00:00",Completed,29410.00
768,1,,"02293392","2018-01-18 00:00:00",Completed,1051080.00
769,1,,"02293392","2024-11-30 00:00:00",Completed,22310.00
770,1,,"02293392","2018-06-27 00:00:00",Completed,2900.00
771,1,,"02293392","2021-06-28 00:00:00",Completed,47520.00
772,1,,"02293392","2023-02-25 00:00:00",Completed,200.00
773,1,,"02293392","2024-07-31 00:00:00",Completed,10560.00
774,1,,"02293392","2018-08-20 00:00:00",Completed,182280.00
775,1,,"02293392","2021-12-27 00:00:00",Completed,768770.00
776,1,,"02293392","2018-02-04 00:00:00",Completed,324720.00
777,1,,"02293392","2020-02-24 00:00:00",Completed,84970.00
778,1,,"02293392","2025-01-04 00:00:00",Completed,278290.00
779,1,,"02293392","2022-04-22 00:00:00",Completed,4809120.00
780,1,,"02293392","2022-05-25 00:00:00",Completed,775340.00
781,1,,"02293392","2022-07-21 00:00:00",Completed,634250.00
782,1,,"02293392","2018-04-28 00:00:00",Completed,2600.00
783,1,,"02293392","2022-08-07 00:00:00",Completed,130000.00
784,1,,"02293392","2019-12-18 00:00:00",Completed,223650.00
785,1,,"02293392","2024-08-10 00:00:00",Completed,222870.00
786,1,,"02293392","2020-08-05 00:00:00",Completed,104080.00
787,1,,"02293392","2020-07-22 00:00:00",Completed,28410.00
788,1,,"02293392","2024-11-06 00:00:00",Completed,1970.00
789,1,,"02293392","2019-02-14 00:00:00",Completed,22360.00
790,1,,"02293392","2022-07-15 00:00:00",Completed,7820.00
791,1,,"02293392","2018-06-14 00:00:00",Completed,62120.00
792,1,,"02293392","2022-04-22 00:00:00",Completed,749740.00
793,1,,"02293392","2025-02-20 00:00:00",Completed,129360.00
794,1,,"02293392","2020-08-29 00:00:00",Completed,38900.00
795,1,,"02293392","2022-07-21 00:00:00",Completed,55200.00
796,1,,"02293392","2018-08-27 00:00:00",Completed,1500.00
797,1,,"02293392","2022-11-11 00:00:00",Completed,526680.00
798,1,,"02293392","2021-08-31 00:00:00",Completed,484800.00
799,1,,"02293392","2024-03-21 00:00:00",Completed,1175740.00
800,1,,"02293392","2021-01-09 00:00:00",Completed,41550.00
801,1,,"02293392","2018-01-05 00:00:00",Completed,1005750.00
802,1,,"02293392","2021-03-21 00:00:00",Completed,7840.00
803,1,,"02293392","2022-04-25 00:00:00",Completed,439880.00
804,1,,"02293392","2024-05-12 00:00:00",Completed,77240.00
805,1,,"02293392","2024-02-27 00:00:00",Completed,88000.00
806,1,,"02293392","2020-07-12 00:00:00",Completed,82500.00
807,1,,"02293392","2023-11-08 00:00:00",Completed,120900.00
808,1,,"02293392","2023-08-04 00:00:00",Completed,53000.00
809,1,,"02293392","2018-03-27 00:00:00",Completed,1627500.00
810,1,,"02657876","2021-12-09 00:00:00",Completed,133500.00
811,1,,"02657876","2019-06-28 00:00:00",Completed,518100.00
812,1,,"02657876","2024-12-10 00:00:00",Completed,16400.00
813,1,,"02657876","2021-05-19 00:00:00",Completed,740000.00
814,1,,"02657876","2023-11-08 00:00:00",Completed,34800.00
815,1,,"02657876","2021-02-25 00:00:00",Completed,1124700.00
816,1,,"02657876","2018-03-07 00:00:00",Completed,80400.00
817,1,,"02657876","2021-12-26 00:00:00",Completed,692300.00
818,1,,"02657876","2021-03-03 00:00:00",Completed,51320.00
819,1,,"02657876","2024-12-05 00:00:00",Completed,41200.00
820,1,,"02657876","2019-08-25 00:00:00",Completed,3500.00
821,1,,"02657876","2021-11-07 00:00:00",Completed,107140.00
822,1,,"02657876","2019-11-20 00:00:00",Completed,65660.00
823,1,,"02657876","2019-10-26 00:00:00",Completed,86400.00
824,1,,"02657876","2024-07-15 00:00:00",Completed,300.00
825,1,,"02657876","2018-12-12 00:00:00",Completed,756000.00
826,1,,"02657876","2022-12-03 00:00:00",Completed,1666560.00
827,1,,"02657876","2020-04-02 00:00:00",Completed,74800.00
828,1,,"02657876","2023-02-23 00:00:00",Completed,11600.00
829,1,,"02657876","2019-12-13 00:00:00",Completed,59900.00
830,1,,"02657876","2018-01-24 00:00:00",Completed,194040.00
831,1,,"02657876","2020-05-09 00:00:00",Completed,16900.00
832,1,,"02657876","2021-03-11 00:00:00",Completed,99630.00
833,1,,"02657876","2025-01-08 00:00:00",Completed,560300.00
834,1,,"02657876","2018-03-18 00:00:00",Completed,132700.00
835,1,,"02657876","2022-09-10 00:00:00",Completed,132700.00
836,1,,"02657876","2023-10-22 00:00:00",Completed,142560.00
837,1,,"02657876","2025-04-03 00:00:00",Completed,306600.00
838,1,,"02657876","2022-02-13 00:00:00",Completed,600.00
839,1,,"02657876","2021-12-03 00:00:00",Completed,885600.00
840,1,,"02657876","2022-06-17 00:00:00",Completed,49800.00
841,1,,"02657876","2020-01-02 00:00:00",Completed,29610.00
842,1,,"02657876","2018-09-02 00:00:00",Completed,2047320.00
843,1,,"02657876","2022-07-08 00:00:00",Completed,802100.00
844,1,,"02657876","2022-08-09 00:00:00",Completed,15640.00
845,1,,"02657876","2021-02-23 00:00:00",Completed,923400.00
846,1,,"02657876","2025-05-25 00:00:00",Completed,775710.00
847,1,,"02657876","2024-04-17 00:00:00",Completed,105440.00
848,1,,"02657876","2024-08-27 00:00:00",Completed,226100.00
849,1,,"02657876","2025-03-22 00:00:00",Completed,91430.00
850,1,,"02657876","2021-12-17 00:00:00",Completed,1339200.00
851,1,,"02657876","2019-12-30 00:00:00",Completed,177450.00
852,1,,"02657876","2021-01-14 00:00:00",Completed,635700.00
853,1,,"02657876","2021-02-21 00:00:00",Completed,800100.00
854,1,,"02657876","2022-05-05 00:00:00",Completed,247410.00
855,1,,"02657876","2018-02-17 00:00:00",Completed,504900.00
856,1,,"02657876","2020-12-22 00:00:00",Completed,3329860.00
857,1,,"02657876","2024-03-21 00:00:00",Completed,76000.00
858,1,,"02657876","2024-09-11 00:00:00",Completed,17480.00
859,1,,"02657876","2022-06-18 00:00:00",Completed,154230.00
860,1,,"02657876","2019-08-23 00:00:00",Completed,20480.00
861,1,,"02657876","2018-07-20 00:00:00",Completed,5980.00
862,1,,"02657876","2023-04-08 00:00:00",Completed,117900.00
863,1,,"02657876","2019-08-22 00:00:00",Completed,5980.00
864,1,,"02657876","2024-10-12 00:00:00",Completed,114800.00
865,1,,"02657876","2021-03-16 00:00:00",Completed,735930.00
866,1,,"02657876","2023-05-19 00:00:00",Completed,67710.00
867,1,,"02657876","2018-12-30 00:00:00",Completed,54290.00
868,1,,"02657876","2021-06-05 00:00:00",Completed,4759020.00
869,1,,"02657876","2025-02-05 00:00:00",Completed,823500.00
870,1,,"02657876","2023-11-19 00:00:00",Completed,36400.00
871,1,,"02657876","2022-12-14 00:00:00",Completed,36400.00
872,1,,"02657876","2025-07-03 00:00:00",Completed,361120.00
873,1,,"02657876","2023-04-10 00:00:00",Completed,1971200.00
874,1,,"02657876","2020-04-15 00:00:00",Completed,146940.00
875,1,,"02657876","2022-11-16 00:00:00",Completed,48500.00
876,1,,"02657876","2024-05-15 00:00:00",Completed,43760.00
877,1,,"02657876","2021-06-18 00:00:00",Completed,57020.00
878,1,,"02657876","2022-02-27 00:00:00",Completed,820910.00
879,1,,"02657876","2021-11-11 00:00:00",Completed,134260.00
880,1,,"02657876","2020-04-12 00:00:00",Completed,663600.00
881,1,,"02657876","2018-02-10 00:00:00",Completed,1049040.00
882,1,,"02657876","2022-09-16 00:00:00",Completed,29700.00
883,1,,"02657876","2024-12-26 00:00:00",Completed,283340.00
884,1,,"02657876","2019-07-07 00:00:00",Completed,43000.00
885,1,,"02657876","2025-01-20 00:00:00",Completed,404320.00
886,1,,"02657876","2023-06-09 00:00:00",Completed,89300.00
887,1,,"02657876","2019-08-23 00:00:00",Completed,30490.00
888,1,,"02657876","2024-09-04 00:00:00",Completed,3510.00
889,1,,"02657876","2025-06-09 00:00:00",Completed,3500.00
890,1,,"02657876","2022-05-03 00:00:00",Completed,904330.00
891,1,,"02657876","2020-09-05 00:00:00",Completed,152780.00
892,1,,"02657876","2022-11-19 00:00:00",Completed,19480.00
893,1,,"02657876","2022-04-25 00:00:00",Completed,6933370.00
894,1,,"02657876","2022-09-25 00:00:00",Completed,223200.00
895,1,,"02657876","2025-04-19 00:00:00",Completed,123190.00
896,1,,"02657876","2018-01-02 00:00:00",Completed,200.00
897,1,,"02657876","2023-09-28 00:00:00",Completed,1176000.00
898,1,,"02657876","2018-02-26 00:00:00",Completed,35360.00
899,1,,"02657876","2018-08-30 00:00:00",Completed,29070.00
900,1,,"02657876","2023-09-15 00:00:00",Completed,48020.00
901,1,,"02657876","2025-01-23 00:00:00",Completed,166610.00
902,1,,"02657876","2019-02-23 00:00:00",Completed,892210.00
903,1,,"02657876","2023-07-22 00:00:00",Completed,5194530.00
904,1,,"02657876","2018-05-09 00:00:00",Completed,38500.00
905,1,,"02657876","2022-02-06 00:00:00",Completed,165130.00
906,1,,"02657876","2018-03-01 00:00:00",Completed,643470.00
907,1,,"02657876","2021-10-13 00:00:00",Completed,69300.00
908,1,,"02657876","2024-06-12 00:00:00",Completed,12000.00
909,1,,"02657876","2021-06-28 00:00:00",Completed,25580.00
910,1,,"02657876","2018-02-15 00:00:00",Completed,534260.00
911,1,,"02657876","2021-10-24 00:00:00",Completed,73000.00
912,1,,"02657876","2021-10-08 00:00:00",Completed,165600.00
913,1,,"02657876","2024-01-12 00:00:00",Completed,633360.00
914,1,,"02657876","2019-04-23 00:00:00",Completed,9780.00
915,1,,"02657876","2018-03-07 00:00:00",Completed,842310.00
916,1,,"02747360","2021-06-26 00:00:00",Completed,51200.00
917,1,,"02747360","2018-06-26 00:00:00",Completed,1510570.00
918,1,,"02747360","2019-06-09 00:00:00",Completed,27030.00
919,1,,"02747360","2023-04-17 00:00:00",Completed,170400.00
920,1,,"02747360","2021-09-13 00:00:00",Completed,8150.00
921,1,,"02747360","2019-09-16 00:00:00",Completed,31000.00
922,1,,"02747360","2025-05-15 00:00:00",Completed,100320.00
923,1,,"02747360","2018-09-23 00:00:00",Completed,21300.00
924,1,,"02747360","2020-03-03 00:00:00",Completed,5860.00
925,1,,"02747360","2020-02-23 00:00:00",Completed,571200.00
926,1,,"02747360","2024-05-27 00:00:00",Completed,375760.00
927,1,,"02747360","2019-08-06 00:00:00",Completed,69890.00
928,1,,"02747360","2022-11-10 00:00:00",Completed,443020.00
929,1,,"02747360","2018-12-20 00:00:00",Completed,21800.00
930,1,,"02747360","2021-06-09 00:00:00",Completed,3142500.00
931,1,,"02747360","2023-01-19 00:00:00",Completed,122730.00
932,1,,"02747360","2019-02-28 00:00:00",Completed,36570.00
933,1,,"02747360","2019-12-14 00:00:00",Completed,10560.00
934,1,,"02747360","2025-05-10 00:00:00",Completed,98000.00
935,1,,"02747360","2024-12-29 00:00:00",Completed,24800.00
936,1,,"02747360","2020-08-24 00:00:00",Completed,21340.00
937,1,,"02747360","2023-11-11 00:00:00",Completed,527310.00
938,1,,"02747360","2022-07-20 00:00:00",Completed,492760.00
939,1,,"02747360","2019-12-07 00:00:00",Completed,172800.00
940,1,,"02747360","2023-05-11 00:00:00",Completed,45500.00
941,1,,"02747360","2022-12-04 00:00:00",Completed,14010.00
942,1,,"02747360","2022-08-01 00:00:00",Completed,43000.00
943,1,,"02747360","2023-12-10 00:00:00",Completed,4305400.00
944,1,,"02747360","2025-06-18 00:00:00",Completed,211500.00
945,1,,"02747360","2024-02-15 00:00:00",Completed,8453400.00
946,1,,"02747360","2020-10-05 00:00:00",Completed,6350400.00
947,1,,"02747360","2022-09-13 00:00:00",Completed,42120.00
948,1,,"02747360","2021-07-06 00:00:00",Completed,64150.00
949,1,,"02747360","2018-02-13 00:00:00",Completed,171990.00
950,1,,"02747360","2020-08-09 00:00:00",Completed,404350.00
951,1,,"02747360","2025-04-21 00:00:00",Completed,1400.00
952,1,,"02747360","2023-01-22 00:00:00",Completed,435000.00
953,1,,"02747360","2020-09-22 00:00:00",Completed,838950.00
954,1,,"02747360","2021-01-23 00:00:00",Completed,377860.00
955,1,,"02747360","2022-12-09 00:00:00",Completed,326930.00
956,1,,"02747360","2019-06-30 00:00:00",Completed,121100.00
957,1,,"02747360","2019-04-13 00:00:00",Completed,6316200.00
958,1,,"02747360","2022-07-12 00:00:00",Completed,18610.00
959,1,,"02747360","2020-03-29 00:00:00",Completed,177740.00
960,1,,"02747360","2019-01-25 00:00:00",Completed,7200.00
961,1,,"02747360","2024-10-30 00:00:00",Completed,47120.00
962,1,,"02747360","2024-09-03 00:00:00",Completed,89700.00
963,1,,"02747360","2021-11-05 00:00:00",Completed,69200.00
964,1,,"02747360","2023-01-01 00:00:00",Completed,967500.00
965,1,,"02747360","2019-09-15 00:00:00",Completed,5500.00
966,1,,"02747360","2024-04-11 00:00:00",Completed,1175000.00
967,1,,"02747360","2024-04-21 00:00:00",Completed,115150.00
968,1,,"02747360","2020-05-28 00:00:00",Completed,841700.00
969,1,,"02747360","2020-06-29 00:00:00",Completed,68600.00
970,1,,"02747360","2019-06-04 00:00:00",Completed,1174090.00
971,1,,"02747360","2019-03-07 00:00:00",Completed,95800.00
972,1,,"02747360","2018-11-14 00:00:00",Completed,51300.00
973,1,,"02747360","2021-08-22 00:00:00",Completed,107330.00
974,1,,"02747360","2022-06-23 00:00:00",Completed,2600.00
975,1,,"02747360","2023-02-19 00:00:00",Completed,3200.00
976,1,,"02747360","2023-11-27 00:00:00",Completed,78210.00
977,1,,"02747360","2021-06-14 00:00:00",Completed,909000.00
978,1,,"02747360","2018-04-02 00:00:00",Completed,200.00
979,1,,"02747360","2018-10-04 00:00:00",Completed,374400.00
980,1,,"02747360","2021-04-03 00:00:00",Completed,187200.00
981,1,,"02747360","2021-10-18 00:00:00",Completed,22130.00
982,1,,"02747360","2019-09-23 00:00:00",Completed,38780.00
983,1,,"02747360","2020-09-03 00:00:00",Completed,1187400.00
984,1,,"02747360","2025-02-25 00:00:00",Completed,3700.00
985,1,,"02747360","2025-05-31 00:00:00",Completed,28950.00
986,1,,"02747360","2019-09-25 00:00:00",Completed,11100.00
987,1,,"02747360","2023-09-05 00:00:00",Completed,1600.00
988,1,,"02747360","2020-06-06 00:00:00",Completed,25100.00
989,1,,"02747360","2024-01-26 00:00:00",Completed,221870.00
990,1,,"02747360","2019-11-17 00:00:00",Completed,169400.00
991,1,,"02747360","2018-05-26 00:00:00",Completed,12180.00
992,1,,"02747360","2022-11-22 00:00:00",Completed,47620.00
993,1,,"02747360","2023-04-16 00:00:00",Completed,624590.00
994,1,,"02747360","2019-11-29 00:00:00",Completed,340960.00
995,1,,"02747360","2019-10-13 00:00:00",Completed,963790.00
996,1,,"02747360","2019-06-16 00:00:00",Completed,419560.00
997,1,,"02747360","2019-05-11 00:00:00",Completed,7830.00
998,1,,"02747360","2023-12-10 00:00:00",Completed,29100.00
999,1,,"02747360","2025-03-29 00:00:00",Completed,40090.00
1000,1,,"02839947","2019-04-02 00:00:00",Completed,27300.00
1001,1,,"02839947","2022-08-30 00:00:00",Completed,213300.00
1002,1,,"02839947","2018-10-13 00:00:00",Completed,4375800.00
1003,1,,"02839947","2019-09-23 00:00:00",Completed,21000.00
1004,1,,"02839947","2021-03-29 00:00:00",Completed,44800.00
1005,1,,"02839947","2020-10-29 00:00:00",Completed,1380400.00
1006,1,,"02839947","2018-08-24 00:00:00",Completed,91080.00
1007,1,,"02839947","2021-01-22 00:00:00",Completed,10462320.00
1008,1,,"02839947","2020-10-27 00:00:00",Completed,42870.00
1009,1,,"02839947","2024-07-20 00:00:00",Completed,2500.00
1010,1,,"02839947","2020-10-10 00:00:00",Completed,110290.00
1011,1,,"02839947","2025-04-26 00:00:00",Completed,52820.00
1012,1,,"02839947","2019-01-01 00:00:00",Completed,990000.00
1013,1,,"02839947","2019-06-05 00:00:00",Completed,989000.00
1014,1,,"02839947","2023-11-21 00:00:00",Completed,33700.00
1015,1,,"02839947","2024-04-23 00:00:00",Completed,884400.00
1016,1,,"02839947","2019-06-14 00:00:00",Completed,826200.00
1017,1,,"02839947","2021-12-05 00:00:00",Completed,34200.00
1018,1,,"02839947","2024-01-20 00:00:00",Completed,127760.00
1019,1,,"02839947","2020-08-14 00:00:00",Completed,1110700.00
1020,1,,"02839947","2023-05-02 00:00:00",Completed,22080.00
1021,1,,"02839947","2024-04-18 00:00:00",Completed,616050.00
1022,1,,"02839947","2024-07-28 00:00:00",Completed,578000.00
1023,1,,"02839947","2021-09-21 00:00:00",Completed,13030.00
1024,1,,"02839947","2024-09-06 00:00:00",Completed,23700.00
1025,1,,"02839947","2020-09-02 00:00:00",Completed,18240.00
1026,1,,"02839947","2022-11-11 00:00:00",Completed,102400.00
1027,1,,"02839947","2021-10-30 00:00:00",Completed,81200.00
1028,1,,"02839947","2018-11-15 00:00:00",Completed,198000.00
1029,1,,"02839947","2021-09-19 00:00:00",Completed,19500.00
1030,1,,"02839947","2024-06-15 00:00:00",Completed,341600.00
1031,1,,"02839947","2019-02-11 00:00:00",Completed,73800.00
1032,1,,"02839947","2019-09-16 00:00:00",Completed,377400.00
1033,1,,"02839947","2023-01-16 00:00:00",Completed,1573560.00
1034,1,,"02839947","2024-08-11 00:00:00",Completed,2068910.00
1035,1,,"02839947","2020-12-05 00:00:00",Completed,652860.00
1036,1,,"02839947","2018-12-12 00:00:00",Completed,131410.00
1037,1,,"02839947","2021-07-05 00:00:00",Completed,5648940.00
1038,1,,"02839947","2021-11-27 00:00:00",Completed,284720.00
1039,1,,"02839947","2021-12-22 00:00:00",Completed,43880.00
1040,1,,"02839947","2019-09-05 00:00:00",Completed,325440.00
1041,1,,"02839947","2023-10-19 00:00:00",Completed,800000.00
1042,1,,"02839947","2025-03-16 00:00:00",Completed,4984450.00
1043,1,,"02839947","2022-07-19 00:00:00",Completed,682250.00
1044,1,,"02839947","2023-08-23 00:00:00",Completed,534600.00
1045,1,,"02839947","2024-02-05 00:00:00",Completed,8000.00
1046,1,,"02839947","2020-07-08 00:00:00",Completed,177510.00
1047,1,,"02839947","2021-12-13 00:00:00",Completed,79740.00
1048,1,,"02839947","2022-02-24 00:00:00",Completed,718270.00
1049,1,,"02839947","2022-05-03 00:00:00",Completed,666400.00
1050,1,,"02839947","2025-02-10 00:00:00",Completed,74800.00
1051,1,,"02839947","2023-03-25 00:00:00",Completed,337460.00
1052,1,,"02839947","2021-01-17 00:00:00",Completed,2200.00
1053,1,,"02839947","2024-10-21 00:00:00",Completed,45140.00
1054,1,,"02839947","2025-02-26 00:00:00",Completed,45600.00
1055,1,,"02839947","2023-01-02 00:00:00",Completed,430920.00
1056,1,,"02839947","2025-03-24 00:00:00",Completed,22700.00
1057,1,,"02839947","2022-02-15 00:00:00",Completed,49440.00
1058,1,,"02839947","2021-01-02 00:00:00",Completed,652860.00
1059,1,,"02839947","2020-08-05 00:00:00",Completed,27840.00
1060,1,,"02839947","2025-01-19 00:00:00",Completed,696070.00
1061,1,,"02839947","2022-11-24 00:00:00",Completed,23860.00
1062,1,,"02839947","2022-03-18 00:00:00",Completed,68120.00
1063,1,,"02839947","2018-03-05 00:00:00",Completed,34270.00
1064,1,,"02839947","2021-08-09 00:00:00",Completed,524800.00
1065,1,,"02839947","2021-01-03 00:00:00",Completed,513600.00
1066,1,,"02839947","2018-10-11 00:00:00",Completed,1124260.00
1067,1,,"02839947","2023-01-01 00:00:00",Completed,4950.00
1068,1,,"02839947","2025-04-06 00:00:00",Completed,235680.00
1069,1,,"02839947","2024-10-06 00:00:00",Completed,598080.00
1070,1,,"02839947","2025-03-27 00:00:00",Completed,10700.00
1071,1,,"02839947","2023-05-21 00:00:00",Completed,42700.00
1072,1,,"02839947","2025-07-06 00:00:00",Completed,3400.00
1073,1,,"02839947","2021-01-11 00:00:00",Completed,4508500.00
1074,1,,"02839947","2019-06-30 00:00:00",Completed,1054200.00
1075,1,,"02839947","2025-03-04 00:00:00",Completed,156020.00
1076,1,,"02839947","2021-10-22 00:00:00",Completed,1957850.00
1077,1,,"02839947","2018-08-22 00:00:00",Completed,100.00
1078,1,,"02839947","2021-06-16 00:00:00",Completed,169400.00
1079,1,,"02839947","2020-06-25 00:00:00",Completed,1100.00
1080,1,,"02839947","2018-03-23 00:00:00",Completed,78000.00
1081,1,,"02839947","2024-03-05 00:00:00",Completed,22080.00
1082,1,,"02839947","2018-09-01 00:00:00",Completed,1974000.00
1083,1,,"02839947","2022-10-21 00:00:00",Completed,205200.00
1084,1,,"02839947","2021-02-16 00:00:00",Completed,650000.00
1085,1,,"02839947","2018-11-23 00:00:00",Completed,65100.00
1086,1,,"02843792","2019-11-20 00:00:00",Completed,1110900.00
1087,1,,"02843792","2024-02-06 00:00:00",Completed,148500.00
1088,1,,"02843792","2018-08-22 00:00:00",Completed,103800.00
1089,1,,"02843792","2021-04-24 00:00:00",Completed,25200.00
1090,1,,"02843792","2022-10-15 00:00:00",Completed,120740.00
1091,1,,"02843792","2018-06-06 00:00:00",Completed,1129080.00
1092,1,,"02843792","2021-09-30 00:00:00",Completed,30070.00
1093,1,,"02843792","2024-04-30 00:00:00",Completed,22820.00
1094,1,,"02843792","2021-10-04 00:00:00",Completed,274680.00
1095,1,,"02843792","2018-06-29 00:00:00",Completed,90400.00
1096,1,,"02843792","2019-06-24 00:00:00",Completed,83690.00
1097,1,,"02843792","2023-05-10 00:00:00",Completed,4030.00
1098,1,,"02843792","2024-05-20 00:00:00",Completed,64980.00
1099,1,,"02843792","2024-09-05 00:00:00",Completed,92870.00
1100,1,,"02843792","2022-12-01 00:00:00",Completed,5122000.00
1101,1,,"02843792","2024-07-14 00:00:00",Completed,368000.00
1102,1,,"02843792","2018-07-23 00:00:00",Completed,520800.00
1103,1,,"02843792","2022-04-18 00:00:00",Completed,2500.00
1104,1,,"02843792","2019-12-02 00:00:00",Completed,229320.00
1105,1,,"02843792","2020-05-13 00:00:00",Completed,227400.00
1106,1,,"02843792","2023-04-21 00:00:00",Completed,278200.00
1107,1,,"02843792","2025-01-21 00:00:00",Completed,121800.00
1108,1,,"02843792","2022-11-01 00:00:00",Completed,50230.00
1109,1,,"02843792","2021-03-06 00:00:00",Completed,1136200.00
1110,1,,"02843792","2018-01-15 00:00:00",Completed,675070.00
1111,1,,"02843792","2019-03-24 00:00:00",Completed,7720.00
1112,1,,"02843792","2020-02-08 00:00:00",Completed,21000.00
1113,1,,"02843792","2021-10-20 00:00:00",Completed,927500.00
1114,1,,"02843792","2021-03-24 00:00:00",Completed,3369600.00
1115,1,,"02843792","2021-11-22 00:00:00",Completed,127170.00
1116,1,,"02843792","2022-11-29 00:00:00",Completed,35560.00
1117,1,,"02843792","2022-05-18 00:00:00",Completed,71870.00
1118,1,,"02843792","2024-09-08 00:00:00",Completed,160640.00
1119,1,,"02843792","2020-01-06 00:00:00",Completed,311220.00
1120,1,,"02843792","2021-07-13 00:00:00",Completed,348300.00
1121,1,,"02843792","2022-07-10 00:00:00",Completed,400.00
1122,1,,"02843792","2025-06-16 00:00:00",Completed,181880.00
1123,1,,"02843792","2022-04-12 00:00:00",Completed,46450.00
1124,1,,"02843792","2024-12-14 00:00:00",Completed,267900.00
1125,1,,"02843792","2024-09-10 00:00:00",Completed,90400.00
1126,1,,"02843792","2018-09-05 00:00:00",Completed,38430.00
1127,1,,"02843792","2022-05-27 00:00:00",Completed,403200.00
1128,1,,"02843792","2020-09-29 00:00:00",Completed,743820.00
1129,1,,"02843792","2018-11-16 00:00:00",Completed,516150.00
1130,1,,"02843792","2021-06-06 00:00:00",Completed,18510.00
1131,1,,"02843792","2024-04-02 00:00:00",Completed,6600.00
1132,1,,"02843792","2021-12-05 00:00:00",Completed,366660.00
1133,1,,"02843792","2021-08-15 00:00:00",Completed,8900.00
1134,1,,"02843792","2022-02-09 00:00:00",Completed,588000.00
1135,1,,"02843792","2018-02-11 00:00:00",Completed,7464600.00
1136,1,,"02843792","2021-05-18 00:00:00",Completed,406080.00
1137,1,,"02843792","2021-06-07 00:00:00",Completed,864000.00
1138,1,,"02843792","2018-09-22 00:00:00",Completed,37600.00
1139,1,,"02843792","2021-10-08 00:00:00",Completed,27000.00
1140,1,,"02843792","2018-02-28 00:00:00",Completed,890400.00
1141,1,,"02843792","2018-11-03 00:00:00",Completed,655200.00
1142,1,,"02843792","2023-09-27 00:00:00",Completed,86000.00
1143,1,,"02843792","2019-01-11 00:00:00",Completed,1284400.00
1144,1,,"02843792","2020-01-11 00:00:00",Completed,50400.00
1145,1,,"02843792","2020-12-08 00:00:00",Completed,466570.00
1146,1,,"02843792","2023-08-18 00:00:00",Completed,98000.00
1147,1,,"02843792","2019-01-24 00:00:00",Completed,34750.00
1148,1,,"02843792","2020-09-22 00:00:00",Completed,878400.00
1149,1,,"02843792","2025-02-18 00:00:00",Completed,3181600.00
1150,1,,"02843792","2019-06-05 00:00:00",Completed,240980.00
1151,1,,"02843792","2022-08-07 00:00:00",Completed,38390.00
1152,1,,"02843792","2018-04-08 00:00:00",Completed,92800.00
1153,1,,"02843792","2021-05-08 00:00:00",Completed,498960.00
1154,1,,"02843792","2025-06-06 00:00:00",Completed,798000.00
1155,1,,"02843792","2020-03-15 00:00:00",Completed,3720140.00
1156,1,,"02843792","2018-05-04 00:00:00",Completed,62100.00
1157,1,,"02843792","2022-03-14 00:00:00",Completed,100.00
1158,1,,"02843792","2020-01-04 00:00:00",Completed,213600.00
1159,1,,"02843792","2021-03-13 00:00:00",Completed,34160.00
1160,1,,"02843792","2023-07-18 00:00:00",Completed,700.00
1161,1,,"02843792","2020-09-04 00:00:00",Completed,18470.00
1162,1,,"02843792","2025-03-14 00:00:00",Completed,18890.00
1163,1,,"02843792","2018-10-14 00:00:00",Completed,85550.00
1164,1,,"02843792","2020-01-25 00:00:00",Completed,400.00
1165,1,,"02843792","2018-04-10 00:00:00",Completed,504160.00
1166,1,,"02843792","2022-09-16 00:00:00",Completed,414000.00
1167,1,,"02843792","2019-08-18 00:00:00",Completed,9030.00
1168,1,,"02843792","2025-06-16 00:00:00",Completed,18620.00
1169,1,,"02843792","2020-03-13 00:00:00",Completed,284800.00
1170,1,,"02843792","2022-10-21 00:00:00",Completed,85140.00
1171,1,,"03028108","2023-03-19 00:00:00",Completed,61100.00
1172,1,,"03028108","2024-04-18 00:00:00",Completed,334600.00
1173,1,,"03028108","2019-10-04 00:00:00",Completed,36630.00
1174,1,,"03028108","2021-01-31 00:00:00",Completed,190670.00
1175,1,,"03028108","2021-01-18 00:00:00",Completed,12200.00
1176,1,,"03028108","2022-01-24 00:00:00",Completed,2302500.00
1177,1,,"03028108","2019-05-27 00:00:00",Completed,253890.00
1178,1,,"03028108","2018-05-25 00:00:00",Completed,64090.00
1179,1,,"03028108","2021-04-19 00:00:00",Completed,9273360.00
1180,1,,"03028108","2022-03-15 00:00:00",Completed,26050.00
1181,1,,"03028108","2025-04-06 00:00:00",Completed,1100.00
1182,1,,"03028108","2020-08-25 00:00:00",Completed,85800.00
1183,1,,"03028108","2018-06-22 00:00:00",Completed,1436400.00
1184,1,,"03028108","2020-08-30 00:00:00",Completed,31620.00
1185,1,,"03028108","2018-07-15 00:00:00",Completed,176150.00
1186,1,,"03028108","2020-09-23 00:00:00",Completed,319380.00
1187,1,,"03028108","2025-03-27 00:00:00",Completed,1037400.00
1188,1,,"03028108","2020-12-29 00:00:00",Completed,5334840.00
1189,1,,"03028108","2019-10-07 00:00:00",Completed,11300.00
1190,1,,"03028108","2024-07-16 00:00:00",Completed,100.00
1191,1,,"03028108","2019-04-15 00:00:00",Completed,278880.00
1192,1,,"03028108","2019-04-30 00:00:00",Completed,1032530.00
1193,1,,"03028108","2022-07-27 00:00:00",Completed,33200.00
1194,1,,"03028108","2020-02-28 00:00:00",Completed,200.00
1195,1,,"03028108","2019-11-30 00:00:00",Completed,280480.00
1196,1,,"03028108","2021-07-02 00:00:00",Completed,277050.00
1197,1,,"03028108","2024-07-14 00:00:00",Completed,27730.00
1198,1,,"03028108","2021-07-01 00:00:00",Completed,8260.00
1199,1,,"03028108","2021-11-03 00:00:00",Completed,437470.00
1200,1,,"03028108","2020-08-19 00:00:00",Completed,88000.00
1201,1,,"03028108","2020-02-10 00:00:00",Completed,1546780.00
1202,1,,"03028108","2019-05-18 00:00:00",Completed,423520.00
1203,1,,"03028108","2019-04-22 00:00:00",Completed,76000.00
1204,1,,"03028108","2021-11-11 00:00:00",Completed,100.00
1205,1,,"03028108","2024-04-05 00:00:00",Completed,50800.00
1206,1,,"03028108","2024-05-11 00:00:00",Completed,87320.00
1207,1,,"03028108","2023-04-22 00:00:00",Completed,1024800.00
1208,1,,"03028108","2021-11-13 00:00:00",Completed,26210.00
1209,1,,"03028108","2023-03-25 00:00:00",Completed,329080.00
1210,1,,"03028108","2021-02-23 00:00:00",Completed,275900.00
1211,1,,"03028108","2020-07-27 00:00:00",Completed,39420.00
1212,1,,"03028108","2018-08-17 00:00:00",Completed,109200.00
1213,1,,"03028108","2024-05-26 00:00:00",Completed,48020.00
1214,1,,"03028108","2024-08-30 00:00:00",Completed,705560.00
1215,1,,"03028108","2023-02-01 00:00:00",Completed,202800.00
1216,1,,"03028108","2020-06-03 00:00:00",Completed,42900.00
1217,1,,"03028108","2021-11-19 00:00:00",Completed,35640.00
1218,1,,"03028108","2018-11-24 00:00:00",Completed,79790.00
1219,1,,"03028108","2020-07-23 00:00:00",Completed,31210.00
1220,1,,"03028108","2022-12-30 00:00:00",Completed,365500.00
1221,1,,"03028108","2019-08-20 00:00:00",Completed,28000.00
1222,1,,"03028108","2019-04-14 00:00:00",Completed,251180.00
1223,1,,"03028108","2022-06-14 00:00:00",Completed,2600.00
1224,1,,"03028108","2022-09-13 00:00:00",Completed,340800.00
1225,1,,"03028108","2018-07-07 00:00:00",Completed,16010.00
1226,1,,"03028108","2022-07-03 00:00:00",Completed,829400.00
1227,1,,"03028108","2023-04-18 00:00:00",Completed,94250.00
1228,1,,"03028108","2024-10-30 00:00:00",Completed,38900.00
1229,1,,"03028108","2020-10-04 00:00:00",Completed,243040.00
1230,1,,"03028108","2020-03-19 00:00:00",Completed,41860.00
1231,1,,"03028108","2023-10-09 00:00:00",Completed,219980.00
1232,1,,"03028108","2025-04-02 00:00:00",Completed,32080.00
1233,1,,"03028108","2023-09-27 00:00:00",Completed,7100.00
1234,1,,"03028108","2025-07-14 00:00:00",Completed,676800.00
1235,1,,"03028108","2021-06-21 00:00:00",Completed,3000.00
1236,1,,"03028108","2023-06-07 00:00:00",Completed,711000.00
1237,1,,"03028108","2025-05-17 00:00:00",Completed,65070.00
1238,1,,"03028108","2024-07-27 00:00:00",Completed,1853670.00
1239,1,,"03028108","2024-06-17 00:00:00",Completed,29430.00
1240,1,,"03028108","2018-05-18 00:00:00",Completed,15300.00
1241,1,,"03028108","2021-11-05 00:00:00",Completed,6665000.00
1242,1,,"03028108","2020-12-31 00:00:00",Completed,1100.00
1243,1,,"03028108","2018-11-27 00:00:00",Completed,761200.00
1244,1,,"03028108","2024-09-22 00:00:00",Completed,20800.00
1245,1,,"03028108","2025-06-21 00:00:00",Completed,3700.00
1246,1,,"03028108","2022-12-26 00:00:00",Completed,541500.00
1247,1,,"03028108","2020-01-14 00:00:00",Completed,97800.00
1248,1,,"03028108","2024-10-25 00:00:00",Completed,61010.00
1249,1,,"03028108","2022-06-26 00:00:00",Completed,36760.00
1250,1,,"03028108","2020-11-07 00:00:00",Completed,178000.00
1251,1,,"03028108","2018-10-14 00:00:00",Completed,92160.00
1252,1,,"03028108","2018-01-04 00:00:00",Completed,7700.00
1253,1,,"03028108","2018-02-28 00:00:00",Completed,390720.00
1254,1,,"03028108","2025-02-28 00:00:00",Completed,165900.00
1255,1,,"04728003","2020-11-12 00:00:00",Completed,3660.00
1256,1,,"04728003","2022-07-18 00:00:00",Completed,18800.00
1257,1,,"04728003","2022-08-24 00:00:00",Completed,903670.00
1258,1,,"04728003","2018-09-03 00:00:00",Completed,402260.00
1259,1,,"04728003","2024-10-04 00:00:00",Completed,602370.00
1260,1,,"04728003","2024-03-01 00:00:00",Completed,60040.00
1261,1,,"04728003","2023-10-30 00:00:00",Completed,489980.00
1262,1,,"04728003","2024-02-02 00:00:00",Completed,3802770.00
1263,1,,"04728003","2021-10-21 00:00:00",Completed,3600.00
1264,1,,"04728003","2024-06-30 00:00:00",Completed,19990.00
1265,1,,"04728003","2023-05-16 00:00:00",Completed,600.00
1266,1,,"04728003","2024-05-01 00:00:00",Completed,26880.00
1267,1,,"04728003","2023-09-29 00:00:00",Completed,908000.00
1268,1,,"04728003","2022-01-30 00:00:00",Completed,93890.00
1269,1,,"04728003","2021-04-26 00:00:00",Completed,91800.00
1270,1,,"04728003","2019-10-06 00:00:00",Completed,188100.00
1271,1,,"04728003","2025-06-20 00:00:00",Completed,1334020.00
1272,1,,"04728003","2021-05-25 00:00:00",Completed,29600.00
1273,1,,"04728003","2020-12-08 00:00:00",Completed,517750.00
1274,1,,"04728003","2022-08-14 00:00:00",Completed,361150.00
1275,1,,"04728003","2020-03-04 00:00:00",Completed,1264540.00
1276,1,,"04728003","2020-11-11 00:00:00",Completed,235000.00
1277,1,,"04728003","2024-09-22 00:00:00",Completed,34970.00
1278,1,,"04728003","2021-03-07 00:00:00",Completed,34500.00
1279,1,,"04728003","2021-10-22 00:00:00",Completed,58400.00
1280,1,,"04728003","2023-06-20 00:00:00",Completed,597630.00
1281,1,,"04728003","2019-11-30 00:00:00",Completed,19900.00
1282,1,,"04728003","2025-01-19 00:00:00",Completed,225600.00
1283,1,,"04728003","2024-02-03 00:00:00",Completed,8200.00
1284,1,,"04728003","2022-02-04 00:00:00",Completed,684200.00
1285,1,,"04728003","2020-07-25 00:00:00",Completed,748200.00
1286,1,,"04728003","2019-08-13 00:00:00",Completed,53010.00
1287,1,,"04728003","2019-01-07 00:00:00",Completed,520980.00
1288,1,,"04728003","2022-11-17 00:00:00",Completed,23900.00
1289,1,,"04728003","2020-11-06 00:00:00",Completed,166470.00
1290,1,,"04728003","2018-01-29 00:00:00",Completed,995220.00
1291,1,,"04728003","2023-05-26 00:00:00",Completed,1143680.00
1292,1,,"04728003","2025-03-08 00:00:00",Completed,3530.00
1293,1,,"04728003","2018-03-22 00:00:00",Completed,399740.00
1294,1,,"04728003","2019-04-24 00:00:00",Completed,379460.00
1295,1,,"04728003","2018-09-03 00:00:00",Completed,278100.00
1296,1,,"04728003","2021-06-26 00:00:00",Completed,226000.00
1297,1,,"04728003","2021-03-20 00:00:00",Completed,19600.00
1298,1,,"04728003","2020-11-28 00:00:00",Completed,18700.00
1299,1,,"04728003","2018-02-01 00:00:00",Completed,45100.00
1300,1,,"04728003","2018-05-27 00:00:00",Completed,619500.00
1301,1,,"04728003","2020-07-20 00:00:00",Completed,867100.00
1302,1,,"04728003","2021-05-24 00:00:00",Completed,319500.00
1303,1,,"04728003","2018-02-18 00:00:00",Completed,34040.00
1304,1,,"04728003","2023-03-13 00:00:00",Completed,24030.00
1305,1,,"04728003","2020-01-12 00:00:00",Completed,16240.00
1306,1,,"04728003","2025-01-06 00:00:00",Completed,58200.00
1307,1,,"04728003","2024-04-01 00:00:00",Completed,72340.00
1308,1,,"04728003","2019-06-28 00:00:00",Completed,406080.00
1309,1,,"04728003","2019-07-12 00:00:00",Completed,111800.00
1310,1,,"04728003","2018-10-18 00:00:00",Completed,371800.00
1311,1,,"04728003","2022-01-04 00:00:00",Completed,14260.00
1312,1,,"04728003","2022-08-24 00:00:00",Completed,17400.00
1313,1,,"04728003","2021-04-08 00:00:00",Completed,490800.00
1314,1,,"04728003","2020-08-23 00:00:00",Completed,566440.00
1315,1,,"04728003","2022-07-10 00:00:00",Completed,42290.00
1316,1,,"04728003","2019-04-22 00:00:00",Completed,2500.00
1317,1,,"04728003","2021-09-14 00:00:00",Completed,319500.00
1318,1,,"04728003","2024-10-27 00:00:00",Completed,31850.00
1319,1,,"04728003","2023-08-15 00:00:00",Completed,39400.00
1320,1,,"04728003","2022-08-10 00:00:00",Completed,49570.00
1321,1,,"04728003","2021-03-11 00:00:00",Completed,143470.00
1322,1,,"04728003","2022-07-06 00:00:00",Completed,12880.00
1323,1,,"04728003","2023-08-07 00:00:00",Completed,2508200.00
1324,1,,"04728003","2019-05-26 00:00:00",Completed,598500.00
1325,1,,"04728003","2022-08-08 00:00:00",Completed,102000.00
1326,1,,"04728003","2024-10-09 00:00:00",Completed,112610.00
1327,1,,"04728003","2019-02-25 00:00:00",Completed,58800.00
1328,1,,"04728003","2022-07-08 00:00:00",Completed,28130.00
1329,1,,"04728003","2021-06-10 00:00:00",Completed,5791290.00
1330,1,,"04728003","2019-01-01 00:00:00",Completed,164400.00
1331,1,,"04728003","2022-06-12 00:00:00",Completed,726340.00
1332,1,,"04728003","2020-05-17 00:00:00",Completed,225500.00
1333,1,,"04728003","2025-01-07 00:00:00",Completed,31500.00
1334,1,,"04728003","2021-04-19 00:00:00",Completed,21930.00
1335,1,,"04728003","2023-02-08 00:00:00",Completed,237600.00
1336,1,,"04728003","2019-03-05 00:00:00",Completed,124500.00
1337,1,,"04728003","2024-03-19 00:00:00",Completed,117120.00
1338,1,,"04728003","2018-01-26 00:00:00",Completed,221090.00
1339,1,,"04728003","2024-03-05 00:00:00",Completed,77460.00
1340,1,,"04728003","2019-11-22 00:00:00",Completed,356720.00
1341,1,,"04728003","2020-07-16 00:00:00",Completed,1094400.00
1342,1,,"04728003","2023-07-25 00:00:00",Completed,400.00
1343,1,,"04728003","2022-05-31 00:00:00",Completed,385000.00
1344,1,,"04728003","2019-05-23 00:00:00",Completed,25770.00
1345,1,,"04826178","2019-07-30 00:00:00",Completed,4425000.00
1346,1,,"04826178","2021-10-30 00:00:00",Completed,39330.00
1347,1,,"04826178","2021-12-14 00:00:00",Completed,247930.00
1348,1,,"04826178","2024-11-19 00:00:00",Completed,606600.00
1349,1,,"04826178","2018-06-22 00:00:00",Completed,327260.00
1350,1,,"04826178","2021-07-19 00:00:00",Completed,5600.00
1351,1,,"04826178","2020-11-30 00:00:00",Completed,660290.00
1352,1,,"04826178","2019-12-28 00:00:00",Completed,127260.00
1353,1,,"04826178","2020-11-16 00:00:00",Completed,41300.00
1354,1,,"04826178","2024-04-04 00:00:00",Completed,26210.00
1355,1,,"04826178","2025-01-31 00:00:00",Completed,21300.00
1356,1,,"04826178","2024-08-28 00:00:00",Completed,6630.00
1357,1,,"04826178","2023-08-19 00:00:00",Completed,26500.00
1358,1,,"04826178","2024-05-27 00:00:00",Completed,4050.00
1359,1,,"04826178","2020-07-27 00:00:00",Completed,456000.00
1360,1,,"04826178","2022-12-21 00:00:00",Completed,68760.00
1361,1,,"04826178","2018-02-13 00:00:00",Completed,1143100.00
1362,1,,"04826178","2020-11-23 00:00:00",Completed,1130400.00
1363,1,,"04826178","2024-08-17 00:00:00",Completed,60260.00
1364,1,,"04826178","2020-12-02 00:00:00",Completed,152010.00
1365,1,,"04826178","2019-06-14 00:00:00",Completed,136000.00
1366,1,,"04826178","2021-03-08 00:00:00",Completed,60400.00
1367,1,,"04826178","2022-09-15 00:00:00",Completed,994900.00
1368,1,,"04826178","2025-01-18 00:00:00",Completed,87000.00
1369,1,,"04826178","2021-12-15 00:00:00",Completed,100.00
1370,1,,"04826178","2020-01-24 00:00:00",Completed,9300.00
1371,1,,"04826178","2024-09-09 00:00:00",Completed,645120.00
1372,1,,"04826178","2018-07-20 00:00:00",Completed,232050.00
1373,1,,"04826178","2018-02-08 00:00:00",Completed,139000.00
1374,1,,"04826178","2022-02-26 00:00:00",Completed,60590.00
1375,1,,"04826178","2024-12-08 00:00:00",Completed,95280.00
1376,1,,"04826178","2020-10-07 00:00:00",Completed,39780.00
1377,1,,"04826178","2020-11-19 00:00:00",Completed,39790.00
1378,1,,"04826178","2022-12-06 00:00:00",Completed,52260.00
1379,1,,"04826178","2024-09-09 00:00:00",Completed,295100.00
1380,1,,"04826178","2019-05-29 00:00:00",Completed,126500.00
1381,1,,"04826178","2023-10-23 00:00:00",Completed,207940.00
1382,1,,"04826178","2018-04-24 00:00:00",Completed,100.00
1383,1,,"04826178","2024-01-08 00:00:00",Completed,1453900.00
1384,1,,"04826178","2020-10-31 00:00:00",Completed,47500.00
1385,1,,"04826178","2018-11-03 00:00:00",Completed,86740.00
1386,1,,"04826178","2018-03-29 00:00:00",Completed,11500.00
1387,1,,"04826178","2019-08-04 00:00:00",Completed,126760.00
1388,1,,"04826178","2024-03-18 00:00:00",Completed,945400.00
1389,1,,"04826178","2021-02-25 00:00:00",Completed,2305800.00
1390,1,,"04826178","2023-04-10 00:00:00",Completed,49700.00
1391,1,,"04826178","2019-03-15 00:00:00",Completed,756600.00
1392,1,,"04826178","2021-07-21 00:00:00",Completed,271320.00
1393,1,,"04826178","2023-08-26 00:00:00",Completed,31770.00
1394,1,,"04826178","2019-07-14 00:00:00",Completed,335230.00
1395,1,,"04826178","2018-03-07 00:00:00",Completed,13100.00
1396,1,,"04826178","2024-04-26 00:00:00",Completed,130970.00
1397,1,,"04826178","2018-05-26 00:00:00",Completed,2271640.00
1398,1,,"04826178","2021-09-15 00:00:00",Completed,242400.00
1399,1,,"04826178","2018-08-08 00:00:00",Completed,128000.00
1400,1,,"04826178","2019-08-18 00:00:00",Completed,706200.00
1401,1,,"04826178","2019-03-15 00:00:00",Completed,30300.00
1402,1,,"04826178","2019-08-30 00:00:00",Completed,100.00
1403,1,,"04826178","2018-07-28 00:00:00",Completed,480080.00
1404,1,,"04826178","2021-04-03 00:00:00",Completed,142970.00
1405,1,,"04826178","2022-02-23 00:00:00",Completed,36600.00
1406,1,,"04826178","2021-02-09 00:00:00",Completed,1000.00
1407,1,,"04826178","2021-03-02 00:00:00",Completed,2013310.00
1408,1,,"04826178","2024-06-30 00:00:00",Completed,310500.00
1409,1,,"04826178","2021-06-08 00:00:00",Completed,28430.00
1410,1,,"04826178","2021-10-30 00:00:00",Completed,36900.00
1411,1,,"04826178","2021-12-15 00:00:00",Completed,481600.00
1412,1,,"04826178","2020-05-03 00:00:00",Completed,22500.00
1413,1,,"04826178","2022-01-19 00:00:00",Completed,14880.00
1414,1,,"04826178","2019-06-18 00:00:00",Completed,156000.00
1415,1,,"04826178","2021-01-05 00:00:00",Completed,34900.00
1416,1,,"04826178","2023-03-04 00:00:00",Completed,156700.00
1417,1,,"04826178","2023-12-14 00:00:00",Completed,21700.00
1418,1,,"04826178","2020-10-23 00:00:00",Completed,35330.00
1419,1,,"04826178","2023-04-11 00:00:00",Completed,19400.00
1420,1,,"04826178","2022-10-23 00:00:00",Completed,638820.00
1421,1,,"04826178","2025-04-26 00:00:00",Completed,30200.00
1422,1,,"04826178","2022-12-24 00:00:00",Completed,682500.00
1423,1,,"04826178","2018-05-04 00:00:00",Completed,188930.00
1424,1,,"04826178","2019-06-13 00:00:00",Completed,6083300.00
1425,1,,"04826178","2019-11-11 00:00:00",Completed,2400.00
1426,1,,"04826178","2021-06-04 00:00:00",Completed,149700.00
1427,1,,"04826178","2020-07-06 00:00:00",Completed,81400.00
1428,1,,"04833709","2023-05-04 00:00:00",Completed,643300.00
1429,1,,"04833709","2022-11-22 00:00:00",Completed,200340.00
1430,1,,"04833709","2019-04-11 00:00:00",Completed,105000.00
1431,1,,"04833709","2020-09-06 00:00:00",Completed,136020.00
1432,1,,"04833709","2023-07-27 00:00:00",Completed,1361360.00
1433,1,,"04833709","2018-03-29 00:00:00",Completed,224000.00
1434,1,,"04833709","2019-10-25 00:00:00",Completed,927330.00
1435,1,,"04833709","2022-01-12 00:00:00",Completed,2164800.00
1436,1,,"04833709","2021-07-15 00:00:00",Completed,32200.00
1437,1,,"04833709","2018-11-07 00:00:00",Completed,51000.00
1438,1,,"04833709","2021-09-27 00:00:00",Completed,147600.00
1439,1,,"04833709","2021-03-21 00:00:00",Completed,20300.00
1440,1,,"04833709","2018-03-15 00:00:00",Completed,18920.00
1441,1,,"04833709","2024-09-25 00:00:00",Completed,611000.00
1442,1,,"04833709","2019-07-21 00:00:00",Completed,2700.00
1443,1,,"04833709","2025-04-15 00:00:00",Completed,114430.00
1444,1,,"04833709","2025-01-13 00:00:00",Completed,19688000.00
1445,1,,"04833709","2018-06-26 00:00:00",Completed,99800.00
1446,1,,"04833709","2025-02-05 00:00:00",Completed,500.00
1447,1,,"04833709","2022-05-06 00:00:00",Completed,233280.00
1448,1,,"04833709","2019-10-08 00:00:00",Completed,46800.00
1449,1,,"04833709","2022-07-16 00:00:00",Completed,734710.00
1450,1,,"04833709","2023-08-04 00:00:00",Completed,25680.00
1451,1,,"04833709","2019-04-16 00:00:00",Completed,39600.00
1452,1,,"04833709","2018-07-30 00:00:00",Completed,258100.00
1453,1,,"04833709","2023-03-06 00:00:00",Completed,190560.00
1454,1,,"04833709","2020-09-22 00:00:00",Completed,118800.00
1455,1,,"04833709","2022-10-10 00:00:00",Completed,43390.00
1456,1,,"04833709","2024-10-09 00:00:00",Completed,19010.00
1457,1,,"04833709","2022-11-19 00:00:00",Completed,619160.00
1458,1,,"04833709","2020-05-01 00:00:00",Completed,806400.00
1459,1,,"04833709","2021-09-17 00:00:00",Completed,535200.00
1460,1,,"04833709","2021-03-21 00:00:00",Completed,36400.00
1461,1,,"04833709","2021-01-23 00:00:00",Completed,1280640.00
1462,1,,"04833709","2018-03-28 00:00:00",Completed,33500.00
1463,1,,"04833709","2021-07-08 00:00:00",Completed,217100.00
1464,1,,"04833709","2025-04-26 00:00:00",Completed,611620.00
1465,1,,"04833709","2021-02-12 00:00:00",Completed,87200.00
1466,1,,"04833709","2019-01-22 00:00:00",Completed,17860.00
1467,1,,"04833709","2018-06-06 00:00:00",Completed,47400.00
1468,1,,"04833709","2023-12-22 00:00:00",Completed,24900.00
1469,1,,"04833709","2019-07-10 00:00:00",Completed,29000.00
1470,1,,"04833709","2019-06-18 00:00:00",Completed,1200.00
1471,1,,"04833709","2019-03-23 00:00:00",Completed,104720.00
1472,1,,"04833709","2023-03-13 00:00:00",Completed,829920.00
1473,1,,"04833709","2019-05-03 00:00:00",Completed,45310.00
1474,1,,"04833709","2019-06-27 00:00:00",Completed,37400.00
1475,1,,"04833709","2018-11-13 00:00:00",Completed,39480.00
1476,1,,"04833709","2023-10-26 00:00:00",Completed,19010.00
1477,1,,"04833709","2023-08-11 00:00:00",Completed,198000.00
1478,1,,"04833709","2023-10-22 00:00:00",Completed,3289000.00
1479,1,,"04833709","2023-06-23 00:00:00",Completed,35500.00
1480,1,,"04833709","2024-01-21 00:00:00",Completed,30970.00
1481,1,,"04833709","2018-06-22 00:00:00",Completed,250800.00
1482,1,,"04833709","2021-11-20 00:00:00",Completed,731700.00
1483,1,,"04833709","2022-07-12 00:00:00",Completed,390000.00
1484,1,,"04833709","2018-04-16 00:00:00",Completed,36600.00
1485,1,,"04833709","2023-12-19 00:00:00",Completed,115500.00
1486,1,,"04833709","2022-01-15 00:00:00",Completed,20790.00
1487,1,,"04833709","2024-12-26 00:00:00",Completed,308400.00
1488,1,,"04833709","2023-07-11 00:00:00",Completed,9600.00
1489,1,,"04833709","2024-07-25 00:00:00",Completed,36500.00
1490,1,,"04833709","2022-12-01 00:00:00",Completed,13080.00
1491,1,,"04833709","2025-03-16 00:00:00",Completed,97600.00
1492,1,,"04833709","2022-04-06 00:00:00",Completed,561600.00
1493,1,,"04833709","2018-01-26 00:00:00",Completed,628110.00
1494,1,,"04833709","2018-04-10 00:00:00",Completed,1374910.00
1495,1,,"04833709","2018-07-16 00:00:00",Completed,806000.00
1496,1,,"04833709","2023-11-26 00:00:00",Completed,364800.00
1497,1,,"04833709","2021-08-15 00:00:00",Completed,1800.00
1498,1,,"04833709","2025-07-06 00:00:00",Completed,153600.00
1499,1,,"04833709","2019-08-18 00:00:00",Completed,2400.00
1500,1,,"04833709","2021-05-11 00:00:00",Completed,26600.00
1501,1,,"04833709","2020-06-26 00:00:00",Completed,87790.00
1502,1,,"04833709","2025-05-25 00:00:00",Completed,45300.00
1503,1,,"04833709","2020-01-02 00:00:00",Completed,2358720.00
1504,1,,"04833709","2020-06-27 00:00:00",Completed,200610.00
1505,1,,"04833709","2024-12-02 00:00:00",Completed,66600.00
1506,1,,"04833709","2021-04-25 00:00:00",Completed,52030.00
1507,1,,"04833709","2022-05-25 00:00:00",Completed,42800.00
1508,1,,"04833709","2022-03-18 00:00:00",Completed,245430.00
1509,1,,"04833709","2019-12-14 00:00:00",Completed,4940.00
1510,1,,"04833709","2022-06-18 00:00:00",Completed,500.00
1511,1,,"04833709","2023-08-01 00:00:00",Completed,400380.00
1512,1,,"04833709","2022-05-14 00:00:00",Completed,16500.00
1513,1,,"04833709","2025-02-13 00:00:00",Completed,18330.00
1514,1,,"05022605","2021-10-06 00:00:00",Completed,12730.00
1515,1,,"05022605","2018-12-15 00:00:00",Completed,89110.00
1516,1,,"05022605","2018-03-14 00:00:00",Completed,38810.00
1517,1,,"05022605","2020-01-12 00:00:00",Completed,500.00
1518,1,,"05022605","2022-02-25 00:00:00",Completed,673650.00
1519,1,,"05022605","2018-05-29 00:00:00",Completed,239400.00
1520,1,,"05022605","2019-01-22 00:00:00",Completed,350000.00
1521,1,,"05022605","2025-02-11 00:00:00",Completed,20610.00
1522,1,,"05022605","2025-06-18 00:00:00",Completed,27600.00
1523,1,,"05022605","2023-06-13 00:00:00",Completed,82650.00
1524,1,,"05022605","2022-02-03 00:00:00",Completed,557500.00
1525,1,,"05022605","2023-07-18 00:00:00",Completed,57020.00
1526,1,,"05022605","2025-03-29 00:00:00",Completed,3000.00
1527,1,,"05022605","2020-06-20 00:00:00",Completed,184040.00
1528,1,,"05022605","2023-09-23 00:00:00",Completed,46370.00
1529,1,,"05022605","2022-04-30 00:00:00",Completed,62270.00
1530,1,,"05022605","2024-01-19 00:00:00",Completed,336000.00
1531,1,,"05022605","2021-01-09 00:00:00",Completed,1719360.00
1532,1,,"05022605","2021-12-01 00:00:00",Completed,700.00
1533,1,,"05022605","2021-11-29 00:00:00",Completed,1944320.00
1534,1,,"05022605","2018-02-25 00:00:00",Completed,246790.00
1535,1,,"05022605","2025-06-04 00:00:00",Completed,900.00
1536,1,,"05022605","2024-01-18 00:00:00",Completed,335500.00
1537,1,,"05022605","2022-01-23 00:00:00",Completed,213750.00
1538,1,,"05022605","2021-08-03 00:00:00",Completed,64000.00
1539,1,,"05022605","2024-05-13 00:00:00",Completed,600.00
1540,1,,"05022605","2024-12-31 00:00:00",Completed,1283120.00
1541,1,,"05022605","2025-02-20 00:00:00",Completed,115500.00
1542,1,,"05022605","2020-08-28 00:00:00",Completed,573890.00
1543,1,,"05022605","2018-12-16 00:00:00",Completed,2418000.00
1544,1,,"05022605","2025-02-28 00:00:00",Completed,7600.00
1545,1,,"05022605","2024-04-28 00:00:00",Completed,1230390.00
1546,1,,"05022605","2021-05-23 00:00:00",Completed,29760.00
1547,1,,"05022605","2021-04-08 00:00:00",Completed,7547900.00
1548,1,,"05022605","2021-05-12 00:00:00",Completed,24250.00
1549,1,,"05022605","2020-08-16 00:00:00",Completed,378400.00
1550,1,,"05022605","2021-08-28 00:00:00",Completed,19900.00
1551,1,,"05022605","2021-10-16 00:00:00",Completed,4650.00
1552,1,,"05022605","2018-10-06 00:00:00",Completed,933550.00
1553,1,,"05022605","2022-03-01 00:00:00",Completed,368800.00
1554,1,,"05022605","2023-11-14 00:00:00",Completed,12000.00
1555,1,,"05022605","2023-11-15 00:00:00",Completed,33480.00
1556,1,,"05022605","2018-03-19 00:00:00",Completed,2497820.00
1557,1,,"05022605","2022-09-23 00:00:00",Completed,5980.00
1558,1,,"05022605","2019-11-07 00:00:00",Completed,11700.00
1559,1,,"05022605","2021-02-02 00:00:00",Completed,40600.00
1560,1,,"05022605","2023-02-21 00:00:00",Completed,406120.00
1561,1,,"05022605","2021-05-21 00:00:00",Completed,114000.00
1562,1,,"05022605","2018-12-16 00:00:00",Completed,40490.00
1563,1,,"05022605","2020-01-07 00:00:00",Completed,222110.00
1564,1,,"05022605","2025-06-14 00:00:00",Completed,800100.00
1565,1,,"05022605","2018-09-25 00:00:00",Completed,133600.00
1566,1,,"05022605","2022-12-31 00:00:00",Completed,816000.00
1567,1,,"05022605","2019-02-08 00:00:00",Completed,78210.00
1568,1,,"05022605","2021-04-21 00:00:00",Completed,627190.00
1569,1,,"05022605","2024-01-02 00:00:00",Completed,639840.00
1570,1,,"05022605","2022-07-29 00:00:00",Completed,1203800.00
1571,1,,"05022605","2025-04-12 00:00:00",Completed,211460.00
1572,1,,"05022605","2019-02-08 00:00:00",Completed,5600.00
1573,1,,"05022605","2023-01-18 00:00:00",Completed,2660.00
1574,1,,"05022605","2024-06-16 00:00:00",Completed,86940.00
1575,1,,"05022605","2025-03-26 00:00:00",Completed,741470.00
1576,1,,"05022605","2025-01-12 00:00:00",Completed,78600.00
1577,1,,"05022605","2021-01-29 00:00:00",Completed,91200.00
1578,1,,"05022605","2024-08-29 00:00:00",Completed,363220.00
1579,1,,"05022605","2024-12-13 00:00:00",Completed,118660.00
1580,1,,"05022605","2023-07-14 00:00:00",Completed,400.00
1581,1,,"05022605","2021-03-31 00:00:00",Completed,899120.00
1582,1,,"05022605","2022-11-07 00:00:00",Completed,308700.00
1583,1,,"05022605","2024-07-11 00:00:00",Completed,1913500.00
1584,1,,"05022605","2020-03-11 00:00:00",Completed,42920.00
1585,1,,"05022605","2018-10-19 00:00:00",Completed,57420.00
1586,1,,"05022605","2022-05-24 00:00:00",Completed,36280.00
1587,1,,"05022605","2023-06-14 00:00:00",Completed,17110.00
1588,1,,"05022605","2025-04-01 00:00:00",Completed,281980.00
1589,1,,"05022605","2025-03-06 00:00:00",Completed,54430.00
1590,1,,"05022605","2021-09-20 00:00:00",Completed,192500.00
1591,1,,"05403474","2018-05-09 00:00:00",Completed,971600.00
1592,1,,"05403474","2023-04-01 00:00:00",Completed,73800.00
1593,1,,"05403474","2018-12-05 00:00:00",Completed,1009010.00
1594,1,,"05403474","2019-06-17 00:00:00",Completed,483000.00
1595,1,,"05403474","2021-10-09 00:00:00",Completed,347200.00
1596,1,,"05403474","2022-09-02 00:00:00",Completed,1231120.00
1597,1,,"05403474","2019-05-10 00:00:00",Completed,243600.00
1598,1,,"05403474","2024-11-22 00:00:00",Completed,442500.00
1599,1,,"05403474","2023-02-28 00:00:00",Completed,38880.00
1600,1,,"05403474","2021-10-20 00:00:00",Completed,430560.00
1601,1,,"05403474","2019-08-23 00:00:00",Completed,317090.00
1602,1,,"05403474","2022-09-25 00:00:00",Completed,92340.00
1603,1,,"05403474","2019-04-09 00:00:00",Completed,1048790.00
1604,1,,"05403474","2018-06-27 00:00:00",Completed,78600.00
1605,1,,"05403474","2023-12-01 00:00:00",Completed,200100.00
1606,1,,"05403474","2020-11-07 00:00:00",Completed,155100.00
1607,1,,"05403474","2023-08-20 00:00:00",Completed,174050.00
1608,1,,"05403474","2019-12-20 00:00:00",Completed,43710.00
1609,1,,"05403474","2020-05-15 00:00:00",Completed,30400.00
1610,1,,"05403474","2021-06-12 00:00:00",Completed,12350.00
1611,1,,"05403474","2020-09-02 00:00:00",Completed,1202500.00
1612,1,,"05403474","2020-04-06 00:00:00",Completed,294000.00
1613,1,,"05403474","2019-05-03 00:00:00",Completed,2200.00
1614,1,,"05403474","2021-06-06 00:00:00",Completed,22370.00
1615,1,,"05403474","2021-09-23 00:00:00",Completed,1720000.00
1616,1,,"05403474","2025-06-12 00:00:00",Completed,174600.00
1617,1,,"05403474","2024-01-25 00:00:00",Completed,586500.00
1618,1,,"05403474","2018-02-09 00:00:00",Completed,20240.00
1619,1,,"05403474","2021-06-28 00:00:00",Completed,1200.00
1620,1,,"05403474","2024-12-15 00:00:00",Completed,74200.00
1621,1,,"05403474","2022-09-21 00:00:00",Completed,40100.00
1622,1,,"05403474","2018-08-07 00:00:00",Completed,350400.00
1623,1,,"05403474","2020-10-24 00:00:00",Completed,100800.00
1624,1,,"05403474","2024-08-31 00:00:00",Completed,804900.00
1625,1,,"05403474","2024-04-23 00:00:00",Completed,879120.00
1626,1,,"05403474","2024-12-22 00:00:00",Completed,14690.00
1627,1,,"05403474","2020-08-03 00:00:00",Completed,111390.00
1628,1,,"05403474","2019-07-01 00:00:00",Completed,95200.00
1629,1,,"05403474","2025-01-01 00:00:00",Completed,2371390.00
1630,1,,"05403474","2019-12-10 00:00:00",Completed,514180.00
1631,1,,"05403474","2022-06-22 00:00:00",Completed,155000.00
1632,1,,"05403474","2019-12-31 00:00:00",Completed,105600.00
1633,1,,"05403474","2020-08-17 00:00:00",Completed,900.00
1634,1,,"05403474","2020-12-02 00:00:00",Completed,781820.00
1635,1,,"05403474","2022-04-27 00:00:00",Completed,32300.00
1636,1,,"05403474","2022-11-10 00:00:00",Completed,218460.00
1637,1,,"05403474","2018-09-27 00:00:00",Completed,636120.00
1638,1,,"05403474","2023-12-21 00:00:00",Completed,5340.00
1639,1,,"05403474","2021-10-29 00:00:00",Completed,71460.00
1640,1,,"05403474","2022-10-26 00:00:00",Completed,73600.00
1641,1,,"05403474","2020-03-23 00:00:00",Completed,277770.00
1642,1,,"05403474","2023-08-23 00:00:00",Completed,500.00
1643,1,,"05403474","2025-01-09 00:00:00",Completed,100.00
1644,1,,"05403474","2021-11-23 00:00:00",Completed,158400.00
1645,1,,"05403474","2020-01-08 00:00:00",Completed,1206000.00
1646,1,,"05403474","2021-12-24 00:00:00",Completed,244500.00
1647,1,,"05403474","2023-03-10 00:00:00",Completed,35910.00
1648,1,,"05403474","2021-04-20 00:00:00",Completed,35530.00
1649,1,,"05403474","2020-01-15 00:00:00",Completed,1504300.00
1650,1,,"05403474","2021-12-09 00:00:00",Completed,200.00
1651,1,,"05403474","2019-04-27 00:00:00",Completed,175600.00
1652,1,,"05403474","2020-04-15 00:00:00",Completed,26200.00
1653,1,,"05403474","2020-05-09 00:00:00",Completed,3720.00
1654,1,,"05403474","2020-03-22 00:00:00",Completed,737700.00
1655,1,,"05403474","2023-04-16 00:00:00",Completed,200.00
1656,1,,"05403474","2019-04-19 00:00:00",Completed,4090.00
1657,1,,"05403474","2020-06-01 00:00:00",Completed,55520.00
1658,1,,"05403474","2019-04-21 00:00:00",Completed,248000.00
1659,1,,"05403474","2020-10-01 00:00:00",Completed,33410.00
1660,1,,"05403474","2019-10-08 00:00:00",Completed,192000.00
1661,1,,"05403474","2018-11-04 00:00:00",Completed,58150.00
1662,1,,"05403474","2019-05-26 00:00:00",Completed,185500.00
1663,1,,"05403474","2018-05-19 00:00:00",Completed,87600.00
1664,1,,"05403474","2022-06-04 00:00:00",Completed,339480.00
1665,1,,"05403474","2020-09-23 00:00:00",Completed,21380.00
1666,1,,"05403474","2025-02-22 00:00:00",Completed,55240.00
1667,1,,"05403474","2024-10-31 00:00:00",Completed,18420.00
1668,1,,"05403474","2024-05-27 00:00:00",Completed,484800.00
1669,1,,"05403474","2024-10-09 00:00:00",Completed,445900.00
1670,1,,"05403474","2020-02-28 00:00:00",Completed,22930.00
1671,1,,"05404338","2024-09-14 00:00:00",Completed,255880.00
1672,1,,"05404338","2022-06-07 00:00:00",Completed,293660.00
1673,1,,"05404338","2024-07-24 00:00:00",Completed,269500.00
1674,1,,"05404338","2022-01-06 00:00:00",Completed,19920.00
1675,1,,"05404338","2025-04-04 00:00:00",Completed,1041400.00
1676,1,,"05404338","2025-01-06 00:00:00",Completed,50400.00
1677,1,,"05404338","2023-06-13 00:00:00",Completed,32500.00
1678,1,,"05404338","2024-02-15 00:00:00",Completed,63600.00
1679,1,,"05404338","2019-03-25 00:00:00",Completed,279940.00
1680,1,,"05404338","2023-05-10 00:00:00",Completed,233800.00
1681,1,,"05404338","2022-10-01 00:00:00",Completed,6600.00
1682,1,,"05404338","2018-07-28 00:00:00",Completed,101600.00
1683,1,,"05404338","2022-03-12 00:00:00",Completed,768380.00
1684,1,,"05404338","2019-09-28 00:00:00",Completed,5200.00
1685,1,,"05404338","2025-05-04 00:00:00",Completed,800.00
1686,1,,"05404338","2024-04-17 00:00:00",Completed,771550.00
1687,1,,"05404338","2023-01-21 00:00:00",Completed,716300.00
1688,1,,"05404338","2025-04-06 00:00:00",Completed,100.00
1689,1,,"05404338","2024-01-06 00:00:00",Completed,798000.00
1690,1,,"05404338","2023-05-26 00:00:00",Completed,2102400.00
1691,1,,"05404338","2018-10-13 00:00:00",Completed,357500.00
1692,1,,"05404338","2020-03-16 00:00:00",Completed,660000.00
1693,1,,"05404338","2020-02-14 00:00:00",Completed,29110.00
1694,1,,"05404338","2020-03-31 00:00:00",Completed,1069500.00
1695,1,,"05404338","2022-03-11 00:00:00",Completed,9600.00
1696,1,,"05404338","2022-05-14 00:00:00",Completed,88310.00
1697,1,,"05404338","2025-04-22 00:00:00",Completed,410690.00
1698,1,,"05404338","2019-09-21 00:00:00",Completed,86500.00
1699,1,,"05404338","2020-09-13 00:00:00",Completed,299250.00
1700,1,,"05404338","2018-11-02 00:00:00",Completed,46800.00
1701,1,,"05404338","2023-05-30 00:00:00",Completed,92800.00
1702,1,,"05404338","2020-10-17 00:00:00",Completed,116400.00
1703,1,,"05404338","2021-07-24 00:00:00",Completed,88990.00
1704,1,,"05404338","2018-07-02 00:00:00",Completed,4992570.00
1705,1,,"05404338","2020-11-19 00:00:00",Completed,6608250.00
1706,1,,"05404338","2020-11-16 00:00:00",Completed,23100.00
1707,1,,"05404338","2019-02-08 00:00:00",Completed,1374800.00
1708,1,,"05404338","2019-04-05 00:00:00",Completed,38400.00
1709,1,,"05404338","2019-08-31 00:00:00",Completed,24800.00
1710,1,,"05404338","2021-02-22 00:00:00",Completed,322560.00
1711,1,,"05404338","2025-02-18 00:00:00",Completed,32800.00
1712,1,,"05404338","2018-07-30 00:00:00",Completed,430390.00
1713,1,,"05404338","2021-08-12 00:00:00",Completed,271200.00
1714,1,,"05404338","2025-06-06 00:00:00",Completed,308020.00
1715,1,,"05404338","2023-05-17 00:00:00",Completed,88870.00
1716,1,,"05404338","2020-03-18 00:00:00",Completed,448500.00
1717,1,,"05404338","2020-11-02 00:00:00",Completed,220800.00
1718,1,,"05404338","2019-10-08 00:00:00",Completed,11090.00
1719,1,,"05404338","2018-10-14 00:00:00",Completed,1031940.00
1720,1,,"05404338","2019-04-26 00:00:00",Completed,49850.00
1721,1,,"05404338","2023-04-20 00:00:00",Completed,236160.00
1722,1,,"05404338","2024-09-02 00:00:00",Completed,501220.00
1723,1,,"05404338","2025-04-29 00:00:00",Completed,488610.00
1724,1,,"05404338","2021-05-09 00:00:00",Completed,2313630.00
1725,1,,"05404338","2024-10-02 00:00:00",Completed,13136210.00
1726,1,,"05404338","2025-05-05 00:00:00",Completed,169530.00
1727,1,,"05404338","2025-01-06 00:00:00",Completed,26880.00
1728,1,,"05404338","2021-10-02 00:00:00",Completed,15700.00
1729,1,,"05404338","2021-09-20 00:00:00",Completed,900.00
1730,1,,"05404338","2018-10-06 00:00:00",Completed,111660.00
1731,1,,"05404338","2018-08-05 00:00:00",Completed,20500.00
1732,1,,"05404338","2018-09-20 00:00:00",Completed,9360920.00
1733,1,,"05404338","2019-08-28 00:00:00",Completed,100.00
1734,1,,"05404338","2024-08-18 00:00:00",Completed,1272820.00
1735,1,,"05404338","2023-09-22 00:00:00",Completed,30300.00
1736,1,,"05404338","2023-07-30 00:00:00",Completed,200.00
1737,1,,"05404338","2018-05-11 00:00:00",Completed,200.00
1738,1,,"05404338","2023-08-18 00:00:00",Completed,33480.00
1739,1,,"05404338","2018-07-18 00:00:00",Completed,1225440.00
1740,1,,"05404338","2021-12-19 00:00:00",Completed,100.00
1741,1,,"05404338","2021-12-10 00:00:00",Completed,535390.00
1742,1,,"05404338","2019-05-26 00:00:00",Completed,102000.00
1743,1,,"05404338","2020-05-22 00:00:00",Completed,23040.00
1744,1,,"05404338","2024-04-15 00:00:00",Completed,138510.00
1745,1,,"05404338","2024-08-16 00:00:00",Completed,45260.00
1746,1,,"05404338","2023-04-08 00:00:00",Completed,3800.00
1747,1,,"05404338","2022-11-12 00:00:00",Completed,1343160.00
1748,1,,"05404338","2024-02-07 00:00:00",Completed,1100.00
1749,1,,"05404338","2024-11-05 00:00:00",Completed,181200.00
1750,1,,"05404338","2022-01-23 00:00:00",Completed,648200.00
1751,1,,"05404338","2021-09-07 00:00:00",Completed,78260.00
1752,1,,"05404338","2018-07-24 00:00:00",Completed,7390.00
1753,1,,"05404338","2024-01-22 00:00:00",Completed,174000.00
1754,1,,"05404338","2024-08-20 00:00:00",Completed,27000.00
1755,1,,"05404338","2024-02-22 00:00:00",Completed,115000.00
1756,1,,"05404338","2018-06-12 00:00:00",Completed,700.00
1757,1,,"05404338","2024-02-15 00:00:00",Completed,154440.00
1758,1,,"05404338","2024-04-10 00:00:00",Completed,23920.00
1759,1,,"05758218","2020-06-20 00:00:00",Completed,855500.00
1760,1,,"05758218","2024-05-31 00:00:00",Completed,356400.00
1761,1,,"05758218","2020-03-12 00:00:00",Completed,703000.00
1762,1,,"05758218","2023-07-15 00:00:00",Completed,1302560.00
1763,1,,"05758218","2023-08-15 00:00:00",Completed,20710.00
1764,1,,"05758218","2018-04-05 00:00:00",Completed,95200.00
1765,1,,"05758218","2019-12-24 00:00:00",Completed,835380.00
1766,1,,"05758218","2021-08-22 00:00:00",Completed,59360.00
1767,1,,"05758218","2022-01-17 00:00:00",Completed,2832000.00
1768,1,,"05758218","2018-04-09 00:00:00",Completed,218400.00
1769,1,,"05758218","2024-10-10 00:00:00",Completed,300.00
1770,1,,"05758218","2021-01-19 00:00:00",Completed,2880.00
1771,1,,"05758218","2023-11-18 00:00:00",Completed,54800.00
1772,1,,"05758218","2019-07-21 00:00:00",Completed,30560.00
1773,1,,"05758218","2022-11-24 00:00:00",Completed,693000.00
1774,1,,"05758218","2020-02-11 00:00:00",Completed,38640.00
1775,1,,"05758218","2025-06-28 00:00:00",Completed,4595860.00
1776,1,,"05758218","2024-08-08 00:00:00",Completed,2300.00
1777,1,,"05758218","2023-11-08 00:00:00",Completed,11140.00
1778,1,,"05758218","2022-03-07 00:00:00",Completed,98140.00
1779,1,,"05758218","2020-05-29 00:00:00",Completed,292250.00
1780,1,,"05758218","2025-06-22 00:00:00",Completed,123770.00
1781,1,,"05758218","2020-10-16 00:00:00",Completed,3680.00
1782,1,,"05758218","2021-06-09 00:00:00",Completed,195000.00
1783,1,,"05758218","2023-06-30 00:00:00",Completed,5000.00
1784,1,,"05758218","2018-12-24 00:00:00",Completed,33440.00
1785,1,,"05758218","2019-07-06 00:00:00",Completed,311220.00
1786,1,,"05758218","2023-03-31 00:00:00",Completed,1378080.00
1787,1,,"05758218","2018-01-23 00:00:00",Completed,37440.00
1788,1,,"05758218","2019-10-02 00:00:00",Completed,248430.00
1789,1,,"05758218","2025-06-28 00:00:00",Completed,21900.00
1790,1,,"05758218","2025-04-06 00:00:00",Completed,110880.00
1791,1,,"05758218","2020-04-15 00:00:00",Completed,11480.00
1792,1,,"05758218","2025-05-31 00:00:00",Completed,508950.00
1793,1,,"05758218","2022-08-29 00:00:00",Completed,1084600.00
1794,1,,"05758218","2019-11-05 00:00:00",Completed,55300.00
1795,1,,"05758218","2018-01-06 00:00:00",Completed,28440.00
1796,1,,"05758218","2020-11-17 00:00:00",Completed,12200.00
1797,1,,"05758218","2021-08-22 00:00:00",Completed,656000.00
1798,1,,"05758218","2020-05-06 00:00:00",Completed,124940.00
1799,1,,"05758218","2023-12-29 00:00:00",Completed,14800.00
1800,1,,"05758218","2024-09-13 00:00:00",Completed,1562400.00
1801,1,,"05758218","2024-01-26 00:00:00",Completed,292800.00
1802,1,,"05758218","2020-08-02 00:00:00",Completed,39600.00
1803,1,,"05758218","2023-02-08 00:00:00",Completed,19600.00
1804,1,,"05758218","2019-10-08 00:00:00",Completed,1321650.00
1805,1,,"05758218","2019-08-12 00:00:00",Completed,508200.00
1806,1,,"05758218","2019-06-01 00:00:00",Completed,898700.00
1807,1,,"05758218","2020-09-22 00:00:00",Completed,2366000.00
1808,1,,"05758218","2022-08-03 00:00:00",Completed,65600.00
1809,1,,"05758218","2023-08-23 00:00:00",Completed,228000.00
1810,1,,"05758218","2020-06-29 00:00:00",Completed,853380.00
1811,1,,"05758218","2018-11-17 00:00:00",Completed,346980.00
1812,1,,"05758218","2023-07-21 00:00:00",Completed,582890.00
1813,1,,"05758218","2019-03-11 00:00:00",Completed,1562750.00
1814,1,,"05758218","2022-10-04 00:00:00",Completed,638400.00
1815,1,,"05758218","2019-06-13 00:00:00",Completed,2000.00
1816,1,,"05758218","2021-12-28 00:00:00",Completed,29580.00
1817,1,,"05758218","2018-11-18 00:00:00",Completed,34890.00
1818,1,,"05758218","2021-09-22 00:00:00",Completed,3900.00
1819,1,,"05758218","2022-01-18 00:00:00",Completed,300.00
1820,1,,"05758218","2024-03-07 00:00:00",Completed,372400.00
1821,1,,"05758218","2022-08-27 00:00:00",Completed,43760.00
1822,1,,"05758218","2022-01-22 00:00:00",Completed,8935200.00
1823,1,,"05758218","2018-08-28 00:00:00",Completed,12870.00
1824,1,,"05758218","2023-03-10 00:00:00",Completed,298080.00
1825,1,,"05758218","2019-08-02 00:00:00",Completed,36090.00
1826,1,,"05758218","2023-01-07 00:00:00",Completed,23040.00
1827,1,,"05758218","2023-04-05 00:00:00",Completed,13160.00
1828,1,,"05758218","2021-05-13 00:00:00",Completed,200.00
1829,1,,"05758218","2024-01-13 00:00:00",Completed,192000.00
1830,1,,"05758218","2024-04-21 00:00:00",Completed,133170.00
1831,1,,"05758218","2021-11-14 00:00:00",Completed,80040.00
1832,1,,"05758218","2018-08-09 00:00:00",Completed,205000.00
1833,1,,"05758218","2025-05-25 00:00:00",Completed,39360.00
1834,1,,"05758218","2024-12-02 00:00:00",Completed,212000.00
1835,1,,"05758218","2018-11-03 00:00:00",Completed,328000.00
1836,1,,"05758218","2019-07-14 00:00:00",Completed,456750.00
1837,1,,"05758218","2020-01-19 00:00:00",Completed,1830150.00
1838,1,,"05758218","2018-07-26 00:00:00",Completed,293220.00
1839,1,,"05758218","2025-01-10 00:00:00",Completed,140220.00
1840,1,,"05758218","2019-03-27 00:00:00",Completed,619880.00
1841,1,,"05758218","2019-04-12 00:00:00",Completed,54000.00
1842,1,,"05758218","2020-09-29 00:00:00",Completed,29200.00
1843,1,,"05758218","2023-04-04 00:00:00",Completed,87950.00
1844,1,,"05758218","2024-10-16 00:00:00",Completed,6290.00
1845,1,,"05758218","2018-10-16 00:00:00",Completed,2200.00
1846,1,,"05758218","2020-11-05 00:00:00",Completed,39000.00
1847,1,,"05758218","2025-07-05 00:00:00",Completed,815850.00
1848,1,,"05758218","2022-09-14 00:00:00",Completed,221710.00
1849,1,,"05758218","2018-10-13 00:00:00",Completed,94870.00
1850,1,,"05770629","2023-11-13 00:00:00",Completed,2346120.00
1851,1,,"05770629","2018-12-27 00:00:00",Completed,176500.00
1852,1,,"05770629","2021-08-17 00:00:00",Completed,396900.00
1853,1,,"05770629","2021-11-26 00:00:00",Completed,834720.00
1854,1,,"05770629","2023-02-05 00:00:00",Completed,78700.00
1855,1,,"05770629","2023-09-03 00:00:00",Completed,180000.00
1856,1,,"05770629","2021-02-19 00:00:00",Completed,74880.00
1857,1,,"05770629","2019-06-16 00:00:00",Completed,487300.00
1858,1,,"05770629","2020-08-07 00:00:00",Completed,171360.00
1859,1,,"05770629","2020-10-08 00:00:00",Completed,644490.00
1860,1,,"05770629","2022-06-13 00:00:00",Completed,122100.00
1861,1,,"05770629","2021-02-21 00:00:00",Completed,1193810.00
1862,1,,"05770629","2019-04-01 00:00:00",Completed,4442600.00
1863,1,,"05770629","2019-12-10 00:00:00",Completed,17100.00
1864,1,,"05770629","2020-02-18 00:00:00",Completed,2222150.00
1865,1,,"05770629","2019-03-29 00:00:00",Completed,1900.00
1866,1,,"05770629","2020-10-10 00:00:00",Completed,351000.00
1867,1,,"05770629","2021-03-24 00:00:00",Completed,89550.00
1868,1,,"05770629","2021-09-26 00:00:00",Completed,224400.00
1869,1,,"05770629","2019-11-19 00:00:00",Completed,45000.00
1870,1,,"05770629","2019-03-12 00:00:00",Completed,72600.00
1871,1,,"05770629","2022-01-15 00:00:00",Completed,62960.00
1872,1,,"05770629","2019-11-09 00:00:00",Completed,32100.00
1873,1,,"05770629","2022-04-23 00:00:00",Completed,223530.00
1874,1,,"05770629","2019-02-26 00:00:00",Completed,38400.00
1875,1,,"05770629","2019-09-15 00:00:00",Completed,1700.00
1876,1,,"05770629","2019-11-01 00:00:00",Completed,103600.00
1877,1,,"05770629","2025-06-16 00:00:00",Completed,287700.00
1878,1,,"05770629","2020-09-08 00:00:00",Completed,420900.00
1879,1,,"05770629","2022-07-19 00:00:00",Completed,190530.00
1880,1,,"05770629","2018-01-02 00:00:00",Completed,144760.00
1881,1,,"05770629","2019-09-20 00:00:00",Completed,31700.00
1882,1,,"05770629","2024-10-27 00:00:00",Completed,4147600.00
1883,1,,"05770629","2020-06-30 00:00:00",Completed,16800.00
1884,1,,"05770629","2022-12-18 00:00:00",Completed,19020.00
1885,1,,"05770629","2023-11-19 00:00:00",Completed,945000.00
1886,1,,"05770629","2020-09-04 00:00:00",Completed,6600.00
1887,1,,"05770629","2019-11-01 00:00:00",Completed,1896300.00
1888,1,,"05770629","2023-05-14 00:00:00",Completed,176000.00
1889,1,,"05770629","2019-08-02 00:00:00",Completed,26600.00
1890,1,,"05770629","2024-11-21 00:00:00",Completed,94210.00
1891,1,,"05770629","2023-07-26 00:00:00",Completed,3281040.00
1892,1,,"05770629","2018-09-20 00:00:00",Completed,44490.00
1893,1,,"05770629","2019-09-17 00:00:00",Completed,142760.00
1894,1,,"05770629","2024-09-16 00:00:00",Completed,55800.00
1895,1,,"05770629","2021-11-21 00:00:00",Completed,30080.00
1896,1,,"05770629","2018-03-08 00:00:00",Completed,855600.00
1897,1,,"05770629","2024-09-29 00:00:00",Completed,14010.00
1898,1,,"05770629","2022-01-15 00:00:00",Completed,522720.00
1899,1,,"05770629","2023-05-26 00:00:00",Completed,519950.00
1900,1,,"05770629","2022-03-28 00:00:00",Completed,190400.00
1901,1,,"05770629","2025-04-26 00:00:00",Completed,80110.00
1902,1,,"05770629","2024-09-25 00:00:00",Completed,22900.00
1903,1,,"05770629","2018-02-11 00:00:00",Completed,207390.00
1904,1,,"05770629","2021-03-15 00:00:00",Completed,128920.00
1905,1,,"05770629","2022-07-13 00:00:00",Completed,494000.00
1906,1,,"05770629","2021-08-25 00:00:00",Completed,40700.00
1907,1,,"05770629","2024-04-24 00:00:00",Completed,323400.00
1908,1,,"05770629","2020-06-24 00:00:00",Completed,100.00
1909,1,,"05770629","2021-05-19 00:00:00",Completed,89400.00
1910,1,,"05770629","2018-05-09 00:00:00",Completed,276610.00
1911,1,,"05770629","2025-04-30 00:00:00",Completed,982000.00
1912,1,,"05770629","2022-07-12 00:00:00",Completed,68800.00
1913,1,,"05770629","2019-04-30 00:00:00",Completed,272320.00
1914,1,,"05770629","2018-08-21 00:00:00",Completed,200.00
1915,1,,"05770629","2019-09-02 00:00:00",Completed,44740.00
1916,1,,"05770629","2018-07-14 00:00:00",Completed,28500.00
1917,1,,"05770629","2024-07-27 00:00:00",Completed,224200.00
1918,1,,"05770629","2022-02-22 00:00:00",Completed,666900.00
1919,1,,"05770629","2023-09-21 00:00:00",Completed,6605000.00
1920,1,,"05770629","2022-08-13 00:00:00",Completed,56000.00
1921,1,,"05770629","2021-02-13 00:00:00",Completed,860200.00
1922,1,,"05770629","2024-01-17 00:00:00",Completed,732320.00
1923,1,,"05770629","2019-10-28 00:00:00",Completed,4267200.00
1924,1,,"05770629","2022-10-10 00:00:00",Completed,761200.00
1925,1,,"05770629","2024-05-11 00:00:00",Completed,187200.00
1926,1,,"05770629","2022-08-24 00:00:00",Completed,715570.00
1927,1,,"05770629","2022-04-22 00:00:00",Completed,324580.00
1928,1,,"05770629","2019-08-27 00:00:00",Completed,8300.00
1929,1,,"05770629","2021-10-29 00:00:00",Completed,304200.00
1930,1,,"05770629","2024-03-30 00:00:00",Completed,865000.00
1931,1,,"05770629","2022-05-09 00:00:00",Completed,177600.00
1932,1,,"05770629","2020-02-11 00:00:00",Completed,50000.00
1933,1,,"05770629","2023-05-08 00:00:00",Completed,61740.00
1934,1,,"05770629","2020-07-30 00:00:00",Completed,21600.00
1935,1,,"05770629","2019-03-23 00:00:00",Completed,1677310.00
1936,1,,"05770629","2019-02-23 00:00:00",Completed,131600.00
1937,1,,"05770629","2019-02-28 00:00:00",Completed,25460.00
1938,1,,"05770629","2024-08-28 00:00:00",Completed,27360.00
1939,1,,"05770629","2023-04-12 00:00:00",Completed,49400.00
1940,1,,"06008038","2018-10-22 00:00:00",Completed,33100.00
1941,1,,"06008038","2024-05-09 00:00:00",Completed,30340.00
1942,1,,"06008038","2018-01-23 00:00:00",Completed,14600.00
1943,1,,"06008038","2022-11-17 00:00:00",Completed,188450.00
1944,1,,"06008038","2018-05-06 00:00:00",Completed,1094160.00
1945,1,,"06008038","2022-09-09 00:00:00",Completed,44560.00
1946,1,,"06008038","2023-06-18 00:00:00",Completed,67700.00
1947,1,,"06008038","2019-06-25 00:00:00",Completed,24390.00
1948,1,,"06008038","2020-09-16 00:00:00",Completed,125300.00
1949,1,,"06008038","2024-02-26 00:00:00",Completed,18000.00
1950,1,,"06008038","2020-02-13 00:00:00",Completed,358400.00
1951,1,,"06008038","2021-03-05 00:00:00",Completed,100.00
1952,1,,"06008038","2022-03-13 00:00:00",Completed,188800.00
1953,1,,"06008038","2024-10-27 00:00:00",Completed,95600.00
1954,1,,"06008038","2025-07-20 00:00:00",Completed,146080.00
1955,1,,"06008038","2023-08-08 00:00:00",Completed,169000.00
1956,1,,"06008038","2022-04-25 00:00:00",Completed,52420.00
1957,1,,"06008038","2024-07-06 00:00:00",Completed,721240.00
1958,1,,"06008038","2023-11-13 00:00:00",Completed,400.00
1959,1,,"06008038","2021-11-01 00:00:00",Completed,347200.00
1960,1,,"06008038","2024-01-15 00:00:00",Completed,874450.00
1961,1,,"06008038","2019-11-24 00:00:00",Completed,77210.00
1962,1,,"06008038","2019-05-23 00:00:00",Completed,147920.00
1963,1,,"06008038","2019-10-26 00:00:00",Completed,675100.00
1964,1,,"06008038","2019-10-24 00:00:00",Completed,3336840.00
1965,1,,"06008038","2019-08-15 00:00:00",Completed,494990.00
1966,1,,"06008038","2018-01-12 00:00:00",Completed,335200.00
1967,1,,"06008038","2023-08-30 00:00:00",Completed,426970.00
1968,1,,"06008038","2024-08-21 00:00:00",Completed,7680.00
1969,1,,"06008038","2022-04-15 00:00:00",Completed,636160.00
1970,1,,"06008038","2020-07-30 00:00:00",Completed,90000.00
1971,1,,"06008038","2021-10-24 00:00:00",Completed,514800.00
1972,1,,"06008038","2021-10-12 00:00:00",Completed,307980.00
1973,1,,"06008038","2020-08-18 00:00:00",Completed,806400.00
1974,1,,"06008038","2018-04-25 00:00:00",Completed,97150.00
1975,1,,"06008038","2022-11-02 00:00:00",Completed,34220.00
1976,1,,"06008038","2024-07-05 00:00:00",Completed,4800.00
1977,1,,"06008038","2025-01-27 00:00:00",Completed,91200.00
1978,1,,"06008038","2023-08-18 00:00:00",Completed,108900.00
1979,1,,"06008038","2023-12-23 00:00:00",Completed,551300.00
1980,1,,"06008038","2021-01-18 00:00:00",Completed,480000.00
1981,1,,"06008038","2024-09-19 00:00:00",Completed,400400.00
1982,1,,"06008038","2019-05-28 00:00:00",Completed,16500.00
1983,1,,"06008038","2024-05-26 00:00:00",Completed,346530.00
1984,1,,"06008038","2020-04-11 00:00:00",Completed,10936800.00
1985,1,,"06008038","2019-09-28 00:00:00",Completed,26770.00
1986,1,,"06008038","2021-02-05 00:00:00",Completed,2521540.00
1987,1,,"06008038","2023-12-04 00:00:00",Completed,695400.00
1988,1,,"06008038","2020-12-21 00:00:00",Completed,193520.00
1989,1,,"06008038","2023-10-31 00:00:00",Completed,29000.00
1990,1,,"06008038","2023-08-31 00:00:00",Completed,198450.00
1991,1,,"06008038","2023-01-18 00:00:00",Completed,205200.00
1992,1,,"06008038","2024-01-10 00:00:00",Completed,506660.00
1993,1,,"06008038","2019-03-10 00:00:00",Completed,481480.00
1994,1,,"06008038","2023-01-22 00:00:00",Completed,439000.00
1995,1,,"06008038","2023-10-17 00:00:00",Completed,91800.00
1996,1,,"06008038","2018-04-08 00:00:00",Completed,660400.00
1997,1,,"06008038","2018-11-15 00:00:00",Completed,338400.00
1998,1,,"06008038","2024-07-13 00:00:00",Completed,370800.00
1999,1,,"06008038","2024-02-11 00:00:00",Completed,100.00
2000,1,,"06008038","2019-10-13 00:00:00",Completed,18140.00
2001,1,,"06008038","2018-02-26 00:00:00",Completed,234960.00
2002,1,,"06008038","2022-12-25 00:00:00",Completed,50920.00
2003,1,,"06008038","2022-02-14 00:00:00",Completed,97800.00
2004,1,,"06008038","2023-01-05 00:00:00",Completed,44230.00
2005,1,,"06008038","2024-03-17 00:00:00",Completed,235000.00
2006,1,,"06008038","2024-12-21 00:00:00",Completed,100.00
2007,1,,"06008038","2025-03-15 00:00:00",Completed,615000.00
2008,1,,"06317710","2025-02-17 00:00:00",Completed,14780.00
2009,1,,"06317710","2023-05-16 00:00:00",Completed,16270.00
2010,1,,"06317710","2024-04-21 00:00:00",Completed,243600.00
2011,1,,"06317710","2020-12-26 00:00:00",Completed,1176000.00
2012,1,,"06317710","2025-03-19 00:00:00",Completed,312030.00
2013,1,,"06317710","2018-02-19 00:00:00",Completed,45570.00
2014,1,,"06317710","2019-10-01 00:00:00",Completed,206400.00
2015,1,,"06317710","2023-01-12 00:00:00",Completed,5647150.00
2016,1,,"06317710","2020-09-27 00:00:00",Completed,55660.00
2017,1,,"06317710","2024-09-04 00:00:00",Completed,676300.00
2018,1,,"06317710","2019-01-04 00:00:00",Completed,694710.00
2019,1,,"06317710","2022-07-10 00:00:00",Completed,41000.00
2020,1,,"06317710","2021-07-30 00:00:00",Completed,44860.00
2021,1,,"06317710","2018-07-27 00:00:00",Completed,72800.00
2022,1,,"06317710","2023-09-03 00:00:00",Completed,177180.00
2023,1,,"06317710","2023-04-10 00:00:00",Completed,54000.00
2024,1,,"06317710","2023-06-10 00:00:00",Completed,198720.00
2025,1,,"06317710","2024-06-11 00:00:00",Completed,598500.00
2026,1,,"06317710","2022-01-09 00:00:00",Completed,210000.00
2027,1,,"06317710","2018-08-09 00:00:00",Completed,45410.00
2028,1,,"06317710","2022-03-25 00:00:00",Completed,717690.00
2029,1,,"06317710","2024-09-22 00:00:00",Completed,839790.00
2030,1,,"06317710","2019-06-14 00:00:00",Completed,111880.00
2031,1,,"06317710","2023-04-24 00:00:00",Completed,78120.00
2032,1,,"06317710","2025-02-23 00:00:00",Completed,54430.00
2033,1,,"06317710","2019-07-20 00:00:00",Completed,32400.00
2034,1,,"06317710","2023-10-27 00:00:00",Completed,48000.00
2035,1,,"06317710","2018-12-29 00:00:00",Completed,9900.00
2036,1,,"06317710","2024-06-11 00:00:00",Completed,100.00
2037,1,,"06317710","2024-10-28 00:00:00",Completed,13300.00
2038,1,,"06317710","2022-08-15 00:00:00",Completed,36860.00
2039,1,,"06317710","2018-06-30 00:00:00",Completed,35700.00
2040,1,,"06317710","2020-04-03 00:00:00",Completed,350400.00
2041,1,,"06317710","2023-09-22 00:00:00",Completed,10510.00
2042,1,,"06317710","2023-08-24 00:00:00",Completed,18140.00
2043,1,,"06317710","2019-04-10 00:00:00",Completed,271300.00
2044,1,,"06317710","2024-01-26 00:00:00",Completed,36360.00
2045,1,,"06317710","2018-10-06 00:00:00",Completed,747500.00
2046,1,,"06317710","2020-01-21 00:00:00",Completed,40800.00
2047,1,,"06317710","2023-12-28 00:00:00",Completed,42500.00
2048,1,,"06317710","2023-01-20 00:00:00",Completed,129020.00
2049,1,,"06317710","2018-10-12 00:00:00",Completed,37930.00
2050,1,,"06317710","2022-02-03 00:00:00",Completed,9100.00
2051,1,,"06317710","2018-02-13 00:00:00",Completed,165730.00
2052,1,,"06317710","2022-12-30 00:00:00",Completed,40960.00
2053,1,,"06317710","2024-09-16 00:00:00",Completed,291370.00
2054,1,,"06317710","2021-10-06 00:00:00",Completed,281700.00
2055,1,,"06317710","2023-07-24 00:00:00",Completed,342340.00
2056,1,,"06317710","2022-03-29 00:00:00",Completed,13100.00
2057,1,,"06317710","2024-10-25 00:00:00",Completed,30600.00
2058,1,,"06317710","2020-12-17 00:00:00",Completed,200.00
2059,1,,"06317710","2018-08-15 00:00:00",Completed,775200.00
2060,1,,"06317710","2019-11-02 00:00:00",Completed,386450.00
2061,1,,"06317710","2020-10-01 00:00:00",Completed,39100.00
2062,1,,"06317710","2019-07-25 00:00:00",Completed,136800.00
2063,1,,"06317710","2024-12-30 00:00:00",Completed,164160.00
2064,1,,"06317710","2024-05-22 00:00:00",Completed,35820.00
2065,1,,"06317710","2024-05-23 00:00:00",Completed,127920.00
2066,1,,"06317710","2023-11-28 00:00:00",Completed,91000.00
2067,1,,"06317710","2021-12-12 00:00:00",Completed,7390.00
2068,1,,"06317710","2021-12-16 00:00:00",Completed,121920.00
2069,1,,"06317710","2018-02-02 00:00:00",Completed,2740.00
2070,1,,"06317710","2021-07-16 00:00:00",Completed,43620.00
2071,1,,"06317710","2020-04-23 00:00:00",Completed,22500.00
2072,1,,"06317710","2025-01-07 00:00:00",Completed,19700.00
2073,1,,"06317710","2022-10-02 00:00:00",Completed,5200.00
2074,1,,"06317710","2023-12-19 00:00:00",Completed,38800.00
2075,1,,"06317710","2020-01-27 00:00:00",Completed,18147200.00
2076,1,,"06317710","2020-03-07 00:00:00",Completed,1527020.00
2077,1,,"06317710","2022-07-22 00:00:00",Completed,8600.00
2078,1,,"06317710","2025-06-28 00:00:00",Completed,503360.00
2079,1,,"06317710","2022-02-06 00:00:00",Completed,19870.00
2080,1,,"06317710","2025-04-16 00:00:00",Completed,170000.00
2081,1,,"06317710","2022-06-03 00:00:00",Completed,1072500.00
2082,1,,"06317710","2018-01-14 00:00:00",Completed,294400.00
2083,1,,"06317710","2023-03-17 00:00:00",Completed,2208600.00
2084,1,,"06317710","2021-04-06 00:00:00",Completed,8795800.00
2085,1,,"06317710","2021-06-15 00:00:00",Completed,23520.00
2086,1,,"06317710","2020-01-23 00:00:00",Completed,64000.00
2087,1,,"06317710","2025-01-06 00:00:00",Completed,1455300.00
2088,1,,"06317710","2022-10-30 00:00:00",Completed,468350.00
2089,1,,"06317710","2021-09-30 00:00:00",Completed,65000.00
2090,1,,"06317710","2024-06-03 00:00:00",Completed,1464000.00
2091,1,,"06317710","2020-05-14 00:00:00",Completed,16300.00
2092,1,,"06317710","2023-08-08 00:00:00",Completed,775800.00
2093,1,,"06317710","2018-04-19 00:00:00",Completed,61730.00
2094,1,,"06317710","2018-02-25 00:00:00",Completed,14830.00
2095,1,,"06317710","2022-06-17 00:00:00",Completed,556420.00
2096,1,,"06317710","2025-07-23 00:00:00",Completed,640500.00
2097,1,,"06317710","2018-01-23 00:00:00",Completed,133500.00
2098,1,,"06317710","2023-05-02 00:00:00",Completed,936000.00
2099,1,,"06317710","2020-05-06 00:00:00",Completed,9110.00
2100,1,,"06317710","2021-09-19 00:00:00",Completed,400.00
2101,1,,"06501122","2022-02-18 00:00:00",Completed,556250.00
2102,1,,"06501122","2020-10-12 00:00:00",Completed,895950.00
2103,1,,"06501122","2024-01-22 00:00:00",Completed,75600.00
2104,1,,"06501122","2020-08-03 00:00:00",Completed,171500.00
2105,1,,"06501122","2019-12-19 00:00:00",Completed,47700.00
2106,1,,"06501122","2020-01-19 00:00:00",Completed,8900.00
2107,1,,"06501122","2019-08-04 00:00:00",Completed,1717200.00
2108,1,,"06501122","2021-07-06 00:00:00",Completed,12840.00
2109,1,,"06501122","2024-06-16 00:00:00",Completed,78380.00
2110,1,,"06501122","2022-11-17 00:00:00",Completed,732600.00
2111,1,,"06501122","2022-11-24 00:00:00",Completed,936730.00
2112,1,,"06501122","2019-04-26 00:00:00",Completed,103600.00
2113,1,,"06501122","2020-01-19 00:00:00",Completed,84600.00
2114,1,,"06501122","2025-01-13 00:00:00",Completed,122400.00
2115,1,,"06501122","2023-04-30 00:00:00",Completed,80400.00
2116,1,,"06501122","2025-03-23 00:00:00",Completed,150300.00
2117,1,,"06501122","2023-10-27 00:00:00",Completed,19300.00
2118,1,,"06501122","2023-12-31 00:00:00",Completed,1374660.00
2119,1,,"06501122","2022-04-20 00:00:00",Completed,25600.00
2120,1,,"06501122","2018-10-07 00:00:00",Completed,448560.00
2121,1,,"06501122","2018-06-05 00:00:00",Completed,330200.00
2122,1,,"06501122","2019-04-17 00:00:00",Completed,109610.00
2123,1,,"06501122","2025-01-03 00:00:00",Completed,312800.00
2124,1,,"06501122","2021-04-28 00:00:00",Completed,100.00
2125,1,,"06501122","2022-10-05 00:00:00",Completed,376800.00
2126,1,,"06501122","2025-01-06 00:00:00",Completed,28200.00
2127,1,,"06501122","2023-11-27 00:00:00",Completed,15440.00
2128,1,,"06501122","2025-04-25 00:00:00",Completed,67400.00
2129,1,,"06501122","2020-04-29 00:00:00",Completed,252000.00
2130,1,,"06501122","2018-01-13 00:00:00",Completed,441900.00
2131,1,,"06501122","2022-09-22 00:00:00",Completed,2263200.00
2132,1,,"06501122","2019-05-05 00:00:00",Completed,245100.00
2133,1,,"06501122","2024-08-24 00:00:00",Completed,437400.00
2134,1,,"06501122","2019-04-01 00:00:00",Completed,99000.00
2135,1,,"06501122","2021-02-20 00:00:00",Completed,1856250.00
2136,1,,"06501122","2022-05-25 00:00:00",Completed,311170.00
2137,1,,"06501122","2019-07-02 00:00:00",Completed,26780.00
2138,1,,"06501122","2021-01-30 00:00:00",Completed,351600.00
2139,1,,"06501122","2020-05-09 00:00:00",Completed,261610.00
2140,1,,"06501122","2023-05-04 00:00:00",Completed,1217800.00
2141,1,,"06501122","2021-04-09 00:00:00",Completed,315100.00
2142,1,,"06501122","2018-04-23 00:00:00",Completed,45300.00
2143,1,,"06501122","2020-08-28 00:00:00",Completed,319200.00
2144,1,,"06501122","2020-01-25 00:00:00",Completed,9300.00
2145,1,,"06501122","2023-03-24 00:00:00",Completed,41040.00
2146,1,,"06501122","2024-03-19 00:00:00",Completed,1478750.00
2147,1,,"06501122","2024-02-01 00:00:00",Completed,1896300.00
2148,1,,"06501122","2022-11-24 00:00:00",Completed,10701600.00
2149,1,,"06501122","2024-01-24 00:00:00",Completed,30400.00
2150,1,,"06501122","2018-05-02 00:00:00",Completed,300.00
2151,1,,"06501122","2020-10-29 00:00:00",Completed,25000.00
2152,1,,"06501122","2022-04-26 00:00:00",Completed,4641550.00
2153,1,,"06501122","2019-01-04 00:00:00",Completed,49300.00
2154,1,,"06501122","2019-05-08 00:00:00",Completed,30180.00
2155,1,,"06501122","2023-08-28 00:00:00",Completed,29000.00
2156,1,,"06501122","2020-04-21 00:00:00",Completed,505890.00
2157,1,,"06501122","2018-01-01 00:00:00",Completed,13400.00
2158,1,,"06501122","2025-03-10 00:00:00",Completed,1026900.00
2159,1,,"06501122","2022-10-05 00:00:00",Completed,301060.00
2160,1,,"06501122","2023-09-23 00:00:00",Completed,165420.00
2161,1,,"06501122","2022-10-31 00:00:00",Completed,80350.00
2162,1,,"06501122","2019-10-09 00:00:00",Completed,1218240.00
2163,1,,"06501122","2023-05-27 00:00:00",Completed,2400.00
2164,1,,"06501122","2019-12-04 00:00:00",Completed,3696000.00
2165,1,,"06501122","2020-06-07 00:00:00",Completed,276800.00
2166,1,,"06501122","2024-08-23 00:00:00",Completed,24570.00
2167,1,,"06501122","2022-02-01 00:00:00",Completed,92740.00
2168,1,,"06501122","2019-10-04 00:00:00",Completed,638160.00
2169,1,,"06501122","2023-11-15 00:00:00",Completed,23320.00
2170,1,,"06501122","2023-06-17 00:00:00",Completed,152950.00
2171,1,,"06501122","2023-02-24 00:00:00",Completed,5670000.00
2172,1,,"06501122","2018-04-16 00:00:00",Completed,498000.00
2173,1,,"06501122","2018-05-21 00:00:00",Completed,46400.00
2174,1,,"06501122","2025-01-29 00:00:00",Completed,500.00
2175,1,,"06501122","2019-02-25 00:00:00",Completed,25200.00
2176,1,,"06501122","2023-12-08 00:00:00",Completed,1352400.00
2177,1,,"06501122","2021-07-24 00:00:00",Completed,992180.00
2178,1,,"06501122","2020-08-26 00:00:00",Completed,95000.00
2179,1,,"06501122","2018-10-24 00:00:00",Completed,15710.00
2180,1,,"06501122","2020-02-17 00:00:00",Completed,26540.00
2181,1,,"06501122","2023-08-07 00:00:00",Completed,89180.00
2182,1,,"06501122","2020-06-26 00:00:00",Completed,30100.00
2183,1,,"06501122","2023-05-07 00:00:00",Completed,25840.00
2184,1,,"06501122","2021-02-03 00:00:00",Completed,39060.00
2185,1,,"06501122","2021-04-29 00:00:00",Completed,122590.00
2186,1,,"06501122","2018-01-22 00:00:00",Completed,142970.00
2187,1,,"06501122","2024-03-05 00:00:00",Completed,1197000.00
2188,1,,"06501122","2021-06-30 00:00:00",Completed,122800.00
2189,1,,"06501122","2022-07-17 00:00:00",Completed,19200.00
2190,1,,"06501122","2019-07-31 00:00:00",Completed,2700.00
2191,1,,"06501122","2020-08-02 00:00:00",Completed,182400.00
2192,1,,"06501122","2020-04-23 00:00:00",Completed,1116060.00
2193,1,,"06501122","2024-09-20 00:00:00",Completed,7920.00
2194,1,,"06501122","2020-06-09 00:00:00",Completed,234740.00
2195,1,,"06501122","2022-09-08 00:00:00",Completed,22000.00
2196,1,,"06501122","2023-05-20 00:00:00",Completed,38980.00
2197,1,,"06501122","2021-11-04 00:00:00",Completed,100.00
2198,1,,"06501122","2022-01-04 00:00:00",Completed,34270.00
2199,1,,"06501122","2020-02-29 00:00:00",Completed,590400.00
2200,1,,"06501122","2019-03-24 00:00:00",Completed,5323500.00
2201,1,,"07145630","2018-05-23 00:00:00",Completed,586870.00
2202,1,,"07145630","2021-11-07 00:00:00",Completed,439870.00
2203,1,,"07145630","2018-12-30 00:00:00",Completed,37540.00
2204,1,,"07145630","2019-06-27 00:00:00",Completed,138150.00
2205,1,,"07145630","2019-04-17 00:00:00",Completed,33000.00
2206,1,,"07145630","2018-08-11 00:00:00",Completed,310800.00
2207,1,,"07145630","2018-09-28 00:00:00",Completed,23570.00
2208,1,,"07145630","2023-05-12 00:00:00",Completed,500.00
2209,1,,"07145630","2019-01-10 00:00:00",Completed,257280.00
2210,1,,"07145630","2025-02-05 00:00:00",Completed,3872600.00
2211,1,,"07145630","2018-02-24 00:00:00",Completed,2600.00
2212,1,,"07145630","2023-02-05 00:00:00",Completed,114390.00
2213,1,,"07145630","2023-10-18 00:00:00",Completed,14700.00
2214,1,,"07145630","2018-09-28 00:00:00",Completed,865000.00
2215,1,,"07145630","2020-03-22 00:00:00",Completed,1106820.00
2216,1,,"07145630","2024-10-06 00:00:00",Completed,181920.00
2217,1,,"07145630","2022-08-26 00:00:00",Completed,14940.00
2218,1,,"07145630","2019-10-29 00:00:00",Completed,1190160.00
2219,1,,"07145630","2025-01-28 00:00:00",Completed,1428800.00
2220,1,,"07145630","2023-12-17 00:00:00",Completed,1377790.00
2221,1,,"07145630","2022-08-16 00:00:00",Completed,43620.00
2222,1,,"07145630","2025-04-17 00:00:00",Completed,115800.00
2223,1,,"07145630","2023-09-15 00:00:00",Completed,304000.00
2224,1,,"07145630","2025-06-26 00:00:00",Completed,365880.00
2225,1,,"07145630","2020-07-20 00:00:00",Completed,496860.00
2226,1,,"07145630","2020-09-11 00:00:00",Completed,84150.00
2227,1,,"07145630","2023-06-16 00:00:00",Completed,3000.00
2228,1,,"07145630","2024-03-12 00:00:00",Completed,1080800.00
2229,1,,"07145630","2024-07-14 00:00:00",Completed,32400.00
2230,1,,"07145630","2023-09-12 00:00:00",Completed,86200.00
2231,1,,"07145630","2024-03-28 00:00:00",Completed,69400.00
2232,1,,"07145630","2020-10-13 00:00:00",Completed,25760.00
2233,1,,"07145630","2020-06-03 00:00:00",Completed,629760.00
2234,1,,"07145630","2019-05-22 00:00:00",Completed,3952750.00
2235,1,,"07145630","2020-04-14 00:00:00",Completed,140580.00
2236,1,,"07145630","2019-02-01 00:00:00",Completed,21530.00
2237,1,,"07145630","2021-04-08 00:00:00",Completed,40670.00
2238,1,,"07145630","2018-06-18 00:00:00",Completed,54520.00
2239,1,,"07145630","2024-05-21 00:00:00",Completed,57630.00
2240,1,,"07145630","2018-03-25 00:00:00",Completed,1300.00
2241,1,,"07145630","2024-07-12 00:00:00",Completed,19020.00
2242,1,,"07145630","2020-03-11 00:00:00",Completed,809600.00
2243,1,,"07145630","2020-04-04 00:00:00",Completed,217280.00
2244,1,,"07145630","2019-11-07 00:00:00",Completed,549790.00
2245,1,,"07145630","2020-12-16 00:00:00",Completed,18230.00
2246,1,,"07145630","2021-08-07 00:00:00",Completed,151200.00
2247,1,,"07145630","2021-07-26 00:00:00",Completed,39420.00
2248,1,,"07145630","2022-10-03 00:00:00",Completed,2900.00
2249,1,,"07145630","2020-07-03 00:00:00",Completed,415420.00
2250,1,,"07145630","2018-04-30 00:00:00",Completed,19480.00
2251,1,,"07145630","2025-01-23 00:00:00",Completed,49200.00
2252,1,,"07145630","2022-12-21 00:00:00",Completed,201630.00
2253,1,,"07145630","2019-04-21 00:00:00",Completed,47300.00
2254,1,,"07145630","2022-02-10 00:00:00",Completed,335000.00
2255,1,,"07145630","2019-07-22 00:00:00",Completed,126000.00
2256,1,,"07145630","2022-05-02 00:00:00",Completed,285000.00
2257,1,,"07145630","2021-05-14 00:00:00",Completed,39600.00
2258,1,,"07145630","2018-08-05 00:00:00",Completed,35600.00
2259,1,,"07145630","2022-06-02 00:00:00",Completed,1910400.00
2260,1,,"07145630","2023-06-20 00:00:00",Completed,1244730.00
2261,1,,"07145630","2025-01-14 00:00:00",Completed,539140.00
2262,1,,"07145630","2024-12-22 00:00:00",Completed,307800.00
2263,1,,"07145630","2023-06-25 00:00:00",Completed,174210.00
2264,1,,"07145630","2018-06-02 00:00:00",Completed,322420.00
2265,1,,"07145630","2021-02-03 00:00:00",Completed,24700.00
2266,1,,"07145630","2023-05-09 00:00:00",Completed,122010.00
2267,1,,"07145630","2024-11-12 00:00:00",Completed,81380.00
2268,1,,"07145630","2021-06-15 00:00:00",Completed,77850.00
2269,1,,"07145630","2024-09-15 00:00:00",Completed,61750.00
2270,1,,"07145630","2023-08-14 00:00:00",Completed,41900.00
2271,1,,"07145630","2021-05-23 00:00:00",Completed,666400.00
2272,1,,"07145630","2020-11-10 00:00:00",Completed,153460.00
2273,1,,"07145630","2023-03-19 00:00:00",Completed,31900.00
2274,1,,"07145630","2020-06-01 00:00:00",Completed,25600.00
2275,1,,"07145630","2023-08-01 00:00:00",Completed,64790.00
2276,1,,"07145630","2023-07-31 00:00:00",Completed,92110.00
2277,1,,"07145630","2021-01-24 00:00:00",Completed,1454400.00
2278,1,,"07145630","2020-10-18 00:00:00",Completed,83700.00
2279,1,,"07266080","2021-06-06 00:00:00",Completed,6964200.00
2280,1,,"07266080","2019-03-02 00:00:00",Completed,115840.00
2281,1,,"07266080","2024-04-15 00:00:00",Completed,85010.00
2282,1,,"07266080","2023-08-01 00:00:00",Completed,469200.00
2283,1,,"07266080","2018-11-21 00:00:00",Completed,5892750.00
2284,1,,"07266080","2019-04-23 00:00:00",Completed,1020800.00
2285,1,,"07266080","2024-02-20 00:00:00",Completed,1273100.00
2286,1,,"07266080","2018-02-10 00:00:00",Completed,415800.00
2287,1,,"07266080","2020-07-18 00:00:00",Completed,64500.00
2288,1,,"07266080","2024-06-12 00:00:00",Completed,85250.00
2289,1,,"07266080","2021-09-05 00:00:00",Completed,2458240.00
2290,1,,"07266080","2022-07-16 00:00:00",Completed,149720.00
2291,1,,"07266080","2019-06-29 00:00:00",Completed,306240.00
2292,1,,"07266080","2025-03-29 00:00:00",Completed,209720.00
2293,1,,"07266080","2021-06-22 00:00:00",Completed,188800.00
2294,1,,"07266080","2018-06-05 00:00:00",Completed,233620.00
2295,1,,"07266080","2023-12-23 00:00:00",Completed,406720.00
2296,1,,"07266080","2022-08-07 00:00:00",Completed,138820.00
2297,1,,"07266080","2024-12-18 00:00:00",Completed,800.00
2298,1,,"07266080","2020-07-17 00:00:00",Completed,487800.00
2299,1,,"07266080","2020-10-06 00:00:00",Completed,505360.00
2300,1,,"07266080","2025-05-05 00:00:00",Completed,70400.00
2301,1,,"07266080","2018-09-26 00:00:00",Completed,145700.00
2302,1,,"07266080","2025-03-22 00:00:00",Completed,175560.00
2303,1,,"07266080","2018-01-01 00:00:00",Completed,37820.00
2304,1,,"07266080","2019-04-02 00:00:00",Completed,855000.00
2305,1,,"07266080","2023-08-17 00:00:00",Completed,886700.00
2306,1,,"07266080","2020-07-30 00:00:00",Completed,17860.00
2307,1,,"07266080","2023-10-13 00:00:00",Completed,77000.00
2308,1,,"07266080","2023-01-29 00:00:00",Completed,129600.00
2309,1,,"07266080","2023-08-27 00:00:00",Completed,2576940.00
2310,1,,"07266080","2021-08-26 00:00:00",Completed,252000.00
2311,1,,"07266080","2021-11-10 00:00:00",Completed,83400.00
2312,1,,"07266080","2022-11-03 00:00:00",Completed,44000.00
2313,1,,"07266080","2023-07-10 00:00:00",Completed,99000.00
2314,1,,"07266080","2024-01-16 00:00:00",Completed,21470.00
2315,1,,"07266080","2022-09-06 00:00:00",Completed,22200.00
2316,1,,"07266080","2018-01-18 00:00:00",Completed,44370.00
2317,1,,"07266080","2023-12-13 00:00:00",Completed,40390.00
2318,1,,"07266080","2024-07-29 00:00:00",Completed,38360.00
2319,1,,"07266080","2019-05-31 00:00:00",Completed,35600.00
2320,1,,"07266080","2025-02-05 00:00:00",Completed,478480.00
2321,1,,"07266080","2021-06-01 00:00:00",Completed,34890.00
2322,1,,"07266080","2019-01-23 00:00:00",Completed,70800.00
2323,1,,"07266080","2022-11-20 00:00:00",Completed,46000.00
2324,1,,"07266080","2019-02-08 00:00:00",Completed,17350.00
2325,1,,"07266080","2019-07-05 00:00:00",Completed,200500.00
2326,1,,"07266080","2024-08-26 00:00:00",Completed,161700.00
2327,1,,"07266080","2019-12-01 00:00:00",Completed,33900.00
2328,1,,"07266080","2021-04-16 00:00:00",Completed,18200.00
2329,1,,"07266080","2022-07-30 00:00:00",Completed,10980.00
2330,1,,"07266080","2018-11-10 00:00:00",Completed,221530.00
2331,1,,"07266080","2021-11-26 00:00:00",Completed,44940.00
2332,1,,"07266080","2025-05-25 00:00:00",Completed,49140.00
2333,1,,"07266080","2023-12-22 00:00:00",Completed,84870.00
2334,1,,"07266080","2020-05-31 00:00:00",Completed,471420.00
2335,1,,"07266080","2022-08-04 00:00:00",Completed,952320.00
2336,1,,"07266080","2023-01-31 00:00:00",Completed,1035000.00
2337,1,,"07266080","2021-01-24 00:00:00",Completed,21460.00
2338,1,,"07266080","2022-02-24 00:00:00",Completed,63910.00
2339,1,,"07266080","2023-12-08 00:00:00",Completed,522600.00
2340,1,,"07266080","2024-01-08 00:00:00",Completed,126420.00
2341,1,,"07266080","2022-05-15 00:00:00",Completed,292250.00
2342,1,,"07266080","2025-06-18 00:00:00",Completed,83100.00
2343,1,,"07266080","2020-02-20 00:00:00",Completed,100.00
2344,1,,"07266080","2020-09-01 00:00:00",Completed,1127720.00
2345,1,,"07266080","2021-03-04 00:00:00",Completed,31320.00
2346,1,,"07266080","2018-05-27 00:00:00",Completed,44230.00
2347,1,,"07266080","2023-05-06 00:00:00",Completed,144000.00
2348,1,,"07266080","2021-01-16 00:00:00",Completed,966000.00
2349,1,,"07266080","2021-04-11 00:00:00",Completed,263500.00
2350,1,,"07266080","2021-09-03 00:00:00",Completed,93150.00
2351,1,,"07266080","2025-02-25 00:00:00",Completed,288680.00
2352,1,,"07266080","2020-09-03 00:00:00",Completed,274400.00
2353,1,,"07266080","2024-06-27 00:00:00",Completed,154000.00
2354,1,,"07266080","2024-07-13 00:00:00",Completed,497420.00
2355,1,,"07266080","2020-06-06 00:00:00",Completed,106310.00
2356,1,,"07266080","2023-02-28 00:00:00",Completed,45900.00
2357,1,,"07266080","2019-06-14 00:00:00",Completed,284130.00
2358,1,,"07266080","2022-03-08 00:00:00",Completed,91960.00
2359,1,,"07266080","2019-02-28 00:00:00",Completed,2434600.00
2360,1,,"07266080","2020-06-06 00:00:00",Completed,65550.00
2361,1,,"07266080","2024-06-06 00:00:00",Completed,19690.00
2362,1,,"07266080","2021-07-06 00:00:00",Completed,17950.00
2363,1,,"07266080","2020-03-17 00:00:00",Completed,18800.00
2364,1,,"07283662","2023-08-24 00:00:00",Completed,39800.00
2365,1,,"07283662","2023-05-23 00:00:00",Completed,9800.00
2366,1,,"07283662","2020-10-10 00:00:00",Completed,46100.00
2367,1,,"07283662","2022-04-14 00:00:00",Completed,9700.00
2368,1,,"07283662","2019-12-10 00:00:00",Completed,25840.00
2369,1,,"07283662","2022-06-21 00:00:00",Completed,2500.00
2370,1,,"07283662","2018-08-19 00:00:00",Completed,29850.00
2371,1,,"07283662","2022-05-31 00:00:00",Completed,167320.00
2372,1,,"07283662","2019-09-25 00:00:00",Completed,864500.00
2373,1,,"07283662","2022-09-16 00:00:00",Completed,1445400.00
2374,1,,"07283662","2023-08-24 00:00:00",Completed,14900.00
2375,1,,"07283662","2018-05-06 00:00:00",Completed,140940.00
2376,1,,"07283662","2023-02-22 00:00:00",Completed,32020.00
2377,1,,"07283662","2018-12-03 00:00:00",Completed,335300.00
2378,1,,"07283662","2023-09-13 00:00:00",Completed,42000.00
2379,1,,"07283662","2019-05-16 00:00:00",Completed,37000.00
2380,1,,"07283662","2024-02-04 00:00:00",Completed,6516000.00
2381,1,,"07283662","2020-11-25 00:00:00",Completed,4800.00
2382,1,,"07283662","2023-11-04 00:00:00",Completed,154470.00
2383,1,,"07283662","2021-03-07 00:00:00",Completed,646380.00
2384,1,,"07283662","2018-04-29 00:00:00",Completed,783290.00
2385,1,,"07283662","2024-02-16 00:00:00",Completed,42200.00
2386,1,,"07283662","2021-11-24 00:00:00",Completed,32740.00
2387,1,,"07283662","2018-08-17 00:00:00",Completed,482300.00
2388,1,,"07283662","2022-11-21 00:00:00",Completed,2700.00
2389,1,,"07283662","2025-02-02 00:00:00",Completed,63080.00
2390,1,,"07283662","2025-04-27 00:00:00",Completed,9250000.00
2391,1,,"07283662","2023-07-21 00:00:00",Completed,155230.00
2392,1,,"07283662","2024-10-01 00:00:00",Completed,242200.00
2393,1,,"07283662","2021-11-11 00:00:00",Completed,904200.00
2394,1,,"07283662","2021-12-06 00:00:00",Completed,114280.00
2395,1,,"07283662","2019-08-15 00:00:00",Completed,11400.00
2396,1,,"07283662","2023-08-19 00:00:00",Completed,17150.00
2397,1,,"07283662","2022-01-20 00:00:00",Completed,1166590.00
2398,1,,"07283662","2018-09-05 00:00:00",Completed,1110000.00
2399,1,,"07283662","2022-09-24 00:00:00",Completed,170500.00
2400,1,,"07283662","2023-02-10 00:00:00",Completed,105300.00
2401,1,,"07283662","2019-09-06 00:00:00",Completed,150530.00
2402,1,,"07283662","2025-07-16 00:00:00",Completed,27760.00
2403,1,,"07283662","2021-02-25 00:00:00",Completed,680400.00
2404,1,,"07283662","2023-06-23 00:00:00",Completed,2179010.00
2405,1,,"07283662","2024-10-01 00:00:00",Completed,1790000.00
2406,1,,"07283662","2019-07-27 00:00:00",Completed,688800.00
2407,1,,"07283662","2024-02-09 00:00:00",Completed,13830.00
2408,1,,"07283662","2023-09-13 00:00:00",Completed,40290.00
2409,1,,"07283662","2025-03-15 00:00:00",Completed,3160.00
2410,1,,"07283662","2020-06-28 00:00:00",Completed,18480.00
2411,1,,"07283662","2018-02-22 00:00:00",Completed,43850.00
2412,1,,"07283662","2018-10-29 00:00:00",Completed,287040.00
2413,1,,"07283662","2021-09-16 00:00:00",Completed,267540.00
2414,1,,"07283662","2023-04-16 00:00:00",Completed,38900.00
2415,1,,"07283662","2020-07-15 00:00:00",Completed,21800.00
2416,1,,"07283662","2021-10-28 00:00:00",Completed,154710.00
2417,1,,"07283662","2021-03-05 00:00:00",Completed,30600.00
2418,1,,"07283662","2019-12-26 00:00:00",Completed,171000.00
2419,1,,"07283662","2023-02-04 00:00:00",Completed,32900.00
2420,1,,"07283662","2022-05-23 00:00:00",Completed,299000.00
2421,1,,"07283662","2024-05-11 00:00:00",Completed,19750.00
2422,1,,"07283662","2025-02-02 00:00:00",Completed,29550.00
2423,1,,"07283662","2022-03-26 00:00:00",Completed,5513200.00
2424,1,,"07283662","2021-07-12 00:00:00",Completed,37800.00
2425,1,,"07283662","2019-08-16 00:00:00",Completed,112500.00
2426,1,,"07283662","2024-08-19 00:00:00",Completed,31040.00
2427,1,,"07283662","2018-09-08 00:00:00",Completed,96000.00
2428,1,,"07283662","2020-01-19 00:00:00",Completed,40930.00
2429,1,,"07283662","2018-01-02 00:00:00",Completed,123900.00
2430,1,,"07283662","2022-05-30 00:00:00",Completed,811440.00
2431,1,,"07283662","2022-05-04 00:00:00",Completed,100.00
2432,1,,"07283662","2018-08-22 00:00:00",Completed,199340.00
2433,1,,"07283662","2022-04-29 00:00:00",Completed,46160.00
2434,1,,"07283662","2020-05-25 00:00:00",Completed,278800.00
2435,1,,"07283662","2024-03-29 00:00:00",Completed,449500.00
2436,1,,"07283662","2022-06-18 00:00:00",Completed,10100.00
2437,1,,"07283662","2020-10-22 00:00:00",Completed,124490.00
2438,1,,"07283662","2020-11-22 00:00:00",Completed,600.00
2439,1,,"07283662","2020-03-21 00:00:00",Completed,59800.00
2440,1,,"07283662","2019-02-26 00:00:00",Completed,6640.00
2441,1,,"07283662","2019-11-27 00:00:00",Completed,25900.00
2442,1,,"07283662","2020-10-06 00:00:00",Completed,890060.00
2443,1,,"07283662","2023-01-04 00:00:00",Completed,415800.00
2444,1,,"07283662","2019-03-21 00:00:00",Completed,56200.00
2445,1,,"07283662","2023-02-27 00:00:00",Completed,23800.00
2446,1,,"07283662","2022-04-12 00:00:00",Completed,498250.00
2447,1,,"07283662","2025-01-25 00:00:00",Completed,2700.00
2448,1,,"07283662","2018-12-09 00:00:00",Completed,147460.00
2449,1,,"07283662","2021-08-28 00:00:00",Completed,17850.00
2450,1,,"07283662","2021-03-15 00:00:00",Completed,96000.00
2451,1,,"07324017","2024-04-11 00:00:00",Completed,31700.00
2452,1,,"07324017","2022-09-11 00:00:00",Completed,1818900.00
2453,1,,"07324017","2021-03-06 00:00:00",Completed,2043000.00
2454,1,,"07324017","2020-06-25 00:00:00",Completed,81340.00
2455,1,,"07324017","2025-04-07 00:00:00",Completed,29040.00
2456,1,,"07324017","2021-01-28 00:00:00",Completed,16200.00
2457,1,,"07324017","2020-10-21 00:00:00",Completed,20990.00
2458,1,,"07324017","2019-04-16 00:00:00",Completed,1079710.00
2459,1,,"07324017","2020-04-26 00:00:00",Completed,54000.00
2460,1,,"07324017","2023-10-21 00:00:00",Completed,189810.00
2461,1,,"07324017","2020-07-20 00:00:00",Completed,608480.00
2462,1,,"07324017","2022-03-09 00:00:00",Completed,10430.00
2463,1,,"07324017","2018-06-14 00:00:00",Completed,9600.00
2464,1,,"07324017","2023-01-12 00:00:00",Completed,700.00
2465,1,,"07324017","2018-04-29 00:00:00",Completed,29830.00
2466,1,,"07324017","2024-05-07 00:00:00",Completed,5530400.00
2467,1,,"07324017","2019-07-05 00:00:00",Completed,7313660.00
2468,1,,"07324017","2023-12-25 00:00:00",Completed,809900.00
2469,1,,"07324017","2023-02-28 00:00:00",Completed,23500.00
2470,1,,"07324017","2022-10-17 00:00:00",Completed,44000.00
2471,1,,"07324017","2020-05-08 00:00:00",Completed,4350.00
2472,1,,"07324017","2024-10-22 00:00:00",Completed,474890.00
2473,1,,"07324017","2021-06-01 00:00:00",Completed,945300.00
2474,1,,"07324017","2023-11-24 00:00:00",Completed,2443120.00
2475,1,,"07324017","2018-01-10 00:00:00",Completed,85250.00
2476,1,,"07324017","2021-01-19 00:00:00",Completed,41580.00
2477,1,,"07324017","2018-01-24 00:00:00",Completed,573800.00
2478,1,,"07324017","2024-11-14 00:00:00",Completed,1288770.00
2479,1,,"07324017","2025-06-02 00:00:00",Completed,2846210.00
2480,1,,"07324017","2019-10-02 00:00:00",Completed,100.00
2481,1,,"07324017","2021-11-28 00:00:00",Completed,228000.00
2482,1,,"07324017","2020-07-03 00:00:00",Completed,62640.00
2483,1,,"07324017","2019-07-14 00:00:00",Completed,406930.00
2484,1,,"07324017","2018-02-05 00:00:00",Completed,4100.00
2485,1,,"07324017","2018-02-08 00:00:00",Completed,114000.00
2486,1,,"07324017","2025-04-11 00:00:00",Completed,1332800.00
2487,1,,"07324017","2019-04-27 00:00:00",Completed,15710.00
2488,1,,"07324017","2024-04-29 00:00:00",Completed,16700.00
2489,1,,"07324017","2021-12-05 00:00:00",Completed,463880.00
2490,1,,"07324017","2021-11-09 00:00:00",Completed,20700.00
2491,1,,"07324017","2019-07-09 00:00:00",Completed,1044290.00
2492,1,,"07324017","2022-05-31 00:00:00",Completed,51220.00
2493,1,,"07324017","2023-04-26 00:00:00",Completed,4511230.00
2494,1,,"07324017","2020-10-04 00:00:00",Completed,216000.00
2495,1,,"07324017","2023-09-11 00:00:00",Completed,35540.00
2496,1,,"07324017","2022-08-25 00:00:00",Completed,32210.00
2497,1,,"07324017","2022-09-16 00:00:00",Completed,584500.00
2498,1,,"07324017","2019-09-02 00:00:00",Completed,21440.00
2499,1,,"07324017","2021-11-29 00:00:00",Completed,13460.00
2500,1,,"07324017","2022-11-20 00:00:00",Completed,7190.00
2501,1,,"07324017","2018-12-24 00:00:00",Completed,3400.00
2502,1,,"07324017","2023-03-04 00:00:00",Completed,320290.00
2503,1,,"07324017","2023-11-02 00:00:00",Completed,101020.00
2504,1,,"07324017","2021-12-26 00:00:00",Completed,17130.00
2505,1,,"07324017","2020-08-31 00:00:00",Completed,29900.00
2506,1,,"07324017","2020-10-02 00:00:00",Completed,201400.00
2507,1,,"07324017","2023-12-12 00:00:00",Completed,803990.00
2508,1,,"07324017","2023-11-02 00:00:00",Completed,707020.00
2509,1,,"07324017","2019-01-02 00:00:00",Completed,7980.00
2510,1,,"07324017","2022-05-05 00:00:00",Completed,1270200.00
2511,1,,"07324017","2024-01-17 00:00:00",Completed,17800.00
2512,1,,"07324017","2021-10-23 00:00:00",Completed,904800.00
2513,1,,"07324017","2018-04-15 00:00:00",Completed,1798780.00
2514,1,,"07324017","2023-12-13 00:00:00",Completed,40510.00
2515,1,,"07324017","2021-05-30 00:00:00",Completed,540800.00
2516,1,,"07324017","2024-08-05 00:00:00",Completed,812410.00
2517,1,,"07324017","2022-06-30 00:00:00",Completed,1017600.00
2518,1,,"07324017","2021-08-14 00:00:00",Completed,95040.00
2519,1,,"07324017","2022-04-28 00:00:00",Completed,234600.00
2520,1,,"07324017","2024-08-04 00:00:00",Completed,381500.00
2521,1,,"07324017","2024-07-14 00:00:00",Completed,834050.00
2522,1,,"07324017","2022-02-26 00:00:00",Completed,10000.00
2523,1,,"07324017","2023-09-23 00:00:00",Completed,733890.00
2524,1,,"07324017","2020-06-15 00:00:00",Completed,409500.00
2525,1,,"07324017","2018-09-09 00:00:00",Completed,78800.00
2526,1,,"07324017","2020-12-30 00:00:00",Completed,31850.00
2527,1,,"07501258","2022-11-24 00:00:00",Completed,25000.00
2528,1,,"07501258","2019-03-09 00:00:00",Completed,230180.00
2529,1,,"07501258","2023-05-03 00:00:00",Completed,26500.00
2530,1,,"07501258","2019-07-22 00:00:00",Completed,353440.00
2531,1,,"07501258","2020-09-06 00:00:00",Completed,94620.00
2532,1,,"07501258","2023-06-27 00:00:00",Completed,22780.00
2533,1,,"07501258","2023-07-02 00:00:00",Completed,13970.00
2534,1,,"07501258","2023-06-12 00:00:00",Completed,12190.00
2535,1,,"07501258","2023-12-31 00:00:00",Completed,38700.00
2536,1,,"07501258","2023-07-28 00:00:00",Completed,16000.00
2537,1,,"07501258","2023-11-05 00:00:00",Completed,40000.00
2538,1,,"07501258","2025-01-17 00:00:00",Completed,582400.00
2539,1,,"07501258","2025-02-09 00:00:00",Completed,362210.00
2540,1,,"07501258","2021-12-06 00:00:00",Completed,57600.00
2541,1,,"07501258","2018-08-21 00:00:00",Completed,3100.00
2542,1,,"07501258","2024-02-04 00:00:00",Completed,44930.00
2543,1,,"07501258","2023-02-19 00:00:00",Completed,92100.00
2544,1,,"07501258","2019-03-23 00:00:00",Completed,2600.00
2545,1,,"07501258","2019-10-31 00:00:00",Completed,19740.00
2546,1,,"07501258","2023-12-24 00:00:00",Completed,24400.00
2547,1,,"07501258","2024-10-08 00:00:00",Completed,541200.00
2548,1,,"07501258","2020-11-25 00:00:00",Completed,47800.00
2549,1,,"07501258","2020-06-27 00:00:00",Completed,210240.00
2550,1,,"07501258","2022-04-06 00:00:00",Completed,15180.00
2551,1,,"07501258","2021-12-03 00:00:00",Completed,256780.00
2552,1,,"07501258","2022-02-28 00:00:00",Completed,570770.00
2553,1,,"07501258","2021-05-19 00:00:00",Completed,570720.00
2554,1,,"07501258","2025-01-12 00:00:00",Completed,28340.00
2555,1,,"07501258","2023-07-23 00:00:00",Completed,2900.00
2556,1,,"07501258","2020-11-17 00:00:00",Completed,78000.00
2557,1,,"07501258","2022-05-19 00:00:00",Completed,328620.00
2558,1,,"07501258","2020-06-28 00:00:00",Completed,833400.00
2559,1,,"07501258","2020-11-01 00:00:00",Completed,241600.00
2560,1,,"07501258","2025-03-03 00:00:00",Completed,40570.00
2561,1,,"07501258","2024-11-14 00:00:00",Completed,5107620.00
2562,1,,"07501258","2019-07-16 00:00:00",Completed,16500.00
2563,1,,"07501258","2020-08-24 00:00:00",Completed,8700.00
2564,1,,"07501258","2021-07-22 00:00:00",Completed,138400.00
2565,1,,"07501258","2025-06-12 00:00:00",Completed,2009700.00
2566,1,,"07501258","2022-08-07 00:00:00",Completed,138220.00
2567,1,,"07501258","2022-02-11 00:00:00",Completed,23560.00
2568,1,,"07501258","2023-08-19 00:00:00",Completed,234780.00
2569,1,,"07501258","2019-12-29 00:00:00",Completed,128040.00
2570,1,,"07501258","2023-03-18 00:00:00",Completed,22180.00
2571,1,,"07501258","2023-01-27 00:00:00",Completed,17170.00
2572,1,,"07501258","2022-11-08 00:00:00",Completed,972000.00
2573,1,,"07501258","2022-03-26 00:00:00",Completed,85660.00
2574,1,,"07501258","2018-10-25 00:00:00",Completed,423170.00
2575,1,,"07501258","2018-10-28 00:00:00",Completed,125300.00
2576,1,,"07501258","2023-11-30 00:00:00",Completed,13250.00
2577,1,,"07501258","2023-11-09 00:00:00",Completed,166600.00
2578,1,,"07501258","2024-09-25 00:00:00",Completed,46340.00
2579,1,,"07501258","2022-02-18 00:00:00",Completed,36080.00
2580,1,,"07501258","2024-09-11 00:00:00",Completed,131530.00
2581,1,,"07501258","2018-06-24 00:00:00",Completed,38500.00
2582,1,,"07501258","2019-01-12 00:00:00",Completed,556800.00
2583,1,,"07501258","2025-07-18 00:00:00",Completed,548310.00
2584,1,,"07501258","2020-03-28 00:00:00",Completed,372090.00
2585,1,,"07501258","2020-04-12 00:00:00",Completed,1170770.00
2586,1,,"07501258","2018-05-05 00:00:00",Completed,33660.00
2587,1,,"07501258","2022-12-19 00:00:00",Completed,40800.00
2588,1,,"07501258","2023-09-27 00:00:00",Completed,100.00
2589,1,,"07501258","2020-11-02 00:00:00",Completed,44940.00
2590,1,,"07501258","2022-12-22 00:00:00",Completed,10560.00
2591,1,,"07501258","2023-01-17 00:00:00",Completed,17380.00
2592,1,,"07501258","2019-01-23 00:00:00",Completed,28990.00
2593,1,,"07501258","2023-05-10 00:00:00",Completed,230100.00
2594,1,,"07501258","2018-05-04 00:00:00",Completed,20420.00
2595,1,,"07501258","2023-01-08 00:00:00",Completed,410260.00
2596,1,,"07501258","2023-09-06 00:00:00",Completed,455950.00
2597,1,,"07501258","2020-02-07 00:00:00",Completed,412850.00
2598,1,,"07501258","2019-02-17 00:00:00",Completed,33800.00
2599,1,,"07501258","2021-11-08 00:00:00",Completed,231870.00
2600,1,,"07501258","2024-08-07 00:00:00",Completed,634190.00
2601,1,,"07501258","2022-08-17 00:00:00",Completed,38040.00
2602,1,,"07501258","2018-06-10 00:00:00",Completed,200.00
2603,1,,"07501258","2023-10-13 00:00:00",Completed,3200.00
2604,1,,"07501258","2020-03-03 00:00:00",Completed,45230.00
2605,1,,"07501258","2018-02-27 00:00:00",Completed,996070.00
2606,1,,"07501258","2024-12-16 00:00:00",Completed,154800.00
2607,1,,"07501258","2019-02-19 00:00:00",Completed,72190.00
2608,1,,"07501258","2023-01-12 00:00:00",Completed,40760.00
2609,1,,"07501258","2019-08-19 00:00:00",Completed,708030.00
2610,1,,"07501258","2021-01-16 00:00:00",Completed,25380.00
2611,1,,"07501258","2024-09-15 00:00:00",Completed,1020600.00
2612,1,,"07501258","2021-02-14 00:00:00",Completed,135430.00
2613,1,,"07501258","2024-07-12 00:00:00",Completed,418600.00
2614,1,,"07501258","2024-07-30 00:00:00",Completed,1127160.00
2615,1,,"07501258","2023-07-15 00:00:00",Completed,30020.00
2616,1,,"07501258","2024-01-01 00:00:00",Completed,45400.00
2617,1,,"07686523","2018-09-28 00:00:00",Completed,65960.00
2618,1,,"07686523","2022-03-16 00:00:00",Completed,70070.00
2619,1,,"07686523","2025-06-23 00:00:00",Completed,40140.00
2620,1,,"07686523","2023-03-28 00:00:00",Completed,110180.00
2621,1,,"07686523","2024-03-09 00:00:00",Completed,21810.00
2622,1,,"07686523","2023-01-17 00:00:00",Completed,48000.00
2623,1,,"07686523","2019-04-26 00:00:00",Completed,744830.00
2624,1,,"07686523","2019-05-21 00:00:00",Completed,146250.00
2625,1,,"07686523","2023-10-04 00:00:00",Completed,643110.00
2626,1,,"07686523","2023-09-26 00:00:00",Completed,739100.00
2627,1,,"07686523","2023-12-09 00:00:00",Completed,345920.00
2628,1,,"07686523","2021-09-08 00:00:00",Completed,2312900.00
2629,1,,"07686523","2020-09-19 00:00:00",Completed,27800.00
2630,1,,"07686523","2023-07-10 00:00:00",Completed,8560.00
2631,1,,"07686523","2021-12-31 00:00:00",Completed,419980.00
2632,1,,"07686523","2018-07-15 00:00:00",Completed,71800.00
2633,1,,"07686523","2022-02-01 00:00:00",Completed,25650.00
2634,1,,"07686523","2019-04-25 00:00:00",Completed,95620.00
2635,1,,"07686523","2020-09-11 00:00:00",Completed,19700.00
2636,1,,"07686523","2020-07-20 00:00:00",Completed,100800.00
2637,1,,"07686523","2019-09-20 00:00:00",Completed,276000.00
2638,1,,"07686523","2022-12-24 00:00:00",Completed,776650.00
2639,1,,"07686523","2019-10-05 00:00:00",Completed,187200.00
2640,1,,"07686523","2022-03-08 00:00:00",Completed,1401200.00
2641,1,,"07686523","2019-12-25 00:00:00",Completed,169860.00
2642,1,,"07686523","2021-11-23 00:00:00",Completed,159410.00
2643,1,,"07686523","2024-10-27 00:00:00",Completed,45120.00
2644,1,,"07686523","2018-05-12 00:00:00",Completed,198000.00
2645,1,,"07686523","2024-05-07 00:00:00",Completed,9600.00
2646,1,,"07686523","2025-03-06 00:00:00",Completed,190500.00
2647,1,,"07686523","2019-12-25 00:00:00",Completed,26560.00
2648,1,,"07686523","2021-09-13 00:00:00",Completed,110400.00
2649,1,,"07686523","2020-06-10 00:00:00",Completed,16450.00
2650,1,,"07686523","2020-03-01 00:00:00",Completed,128400.00
2651,1,,"07686523","2019-12-03 00:00:00",Completed,33820.00
2652,1,,"07686523","2019-11-04 00:00:00",Completed,59520.00
2653,1,,"07686523","2024-06-28 00:00:00",Completed,200.00
2654,1,,"07686523","2023-07-10 00:00:00",Completed,57420.00
2655,1,,"07686523","2019-04-15 00:00:00",Completed,11800.00
2656,1,,"07686523","2021-04-06 00:00:00",Completed,25000.00
2657,1,,"07686523","2024-03-16 00:00:00",Completed,205920.00
2658,1,,"07686523","2021-06-06 00:00:00",Completed,21250.00
2659,1,,"07686523","2021-08-30 00:00:00",Completed,44350.00
2660,1,,"07686523","2022-07-26 00:00:00",Completed,113300.00
2661,1,,"07686523","2019-08-09 00:00:00",Completed,8800.00
2662,1,,"07686523","2021-12-02 00:00:00",Completed,259200.00
2663,1,,"07686523","2020-05-21 00:00:00",Completed,388310.00
2664,1,,"07686523","2020-04-12 00:00:00",Completed,171600.00
2665,1,,"07686523","2019-08-05 00:00:00",Completed,264000.00
2666,1,,"07686523","2022-02-19 00:00:00",Completed,113500.00
2667,1,,"07686523","2024-12-14 00:00:00",Completed,510600.00
2668,1,,"07686523","2021-02-24 00:00:00",Completed,498250.00
2669,1,,"07686523","2020-06-29 00:00:00",Completed,559780.00
2670,1,,"07686523","2020-09-30 00:00:00",Completed,2283400.00
2671,1,,"07686523","2025-02-07 00:00:00",Completed,472390.00
2672,1,,"07686523","2022-09-14 00:00:00",Completed,722000.00
2673,1,,"07686523","2023-07-30 00:00:00",Completed,30800.00
2674,1,,"07686523","2019-10-03 00:00:00",Completed,40600.00
2675,1,,"07686523","2018-03-30 00:00:00",Completed,388600.00
2676,1,,"07686523","2022-11-02 00:00:00",Completed,100.00
2677,1,,"07686523","2024-06-25 00:00:00",Completed,520800.00
2678,1,,"07686523","2020-08-30 00:00:00",Completed,12330.00
2679,1,,"07686523","2022-02-12 00:00:00",Completed,61000.00
2680,1,,"07686523","2022-07-08 00:00:00",Completed,28800.00
2681,1,,"07686523","2019-06-03 00:00:00",Completed,303600.00
2682,1,,"07686523","2020-10-19 00:00:00",Completed,122200.00
2683,1,,"07686523","2025-07-26 00:00:00",Completed,50030.00
2684,1,,"07686523","2019-05-04 00:00:00",Completed,45860.00
2685,1,,"07686523","2023-02-25 00:00:00",Completed,1037400.00
2686,1,,"07823394","2021-01-23 00:00:00",Completed,500.00
2687,1,,"07823394","2018-09-13 00:00:00",Completed,449060.00
2688,1,,"07823394","2019-10-11 00:00:00",Completed,16880.00
2689,1,,"07823394","2021-04-16 00:00:00",Completed,4420.00
2690,1,,"07823394","2023-05-06 00:00:00",Completed,814610.00
2691,1,,"07823394","2023-04-09 00:00:00",Completed,846710.00
2692,1,,"07823394","2018-03-06 00:00:00",Completed,22100.00
2693,1,,"07823394","2020-03-17 00:00:00",Completed,375100.00
2694,1,,"07823394","2025-03-15 00:00:00",Completed,91500.00
2695,1,,"07823394","2023-09-04 00:00:00",Completed,6568380.00
2696,1,,"07823394","2020-02-15 00:00:00",Completed,10600.00
2697,1,,"07823394","2025-07-02 00:00:00",Completed,806060.00
2698,1,,"07823394","2019-05-09 00:00:00",Completed,905000.00
2699,1,,"07823394","2021-08-28 00:00:00",Completed,163800.00
2700,1,,"07823394","2018-06-21 00:00:00",Completed,31200.00
2701,1,,"07823394","2020-12-12 00:00:00",Completed,14250.00
2702,1,,"07823394","2018-04-19 00:00:00",Completed,209060.00
2703,1,,"07823394","2019-01-28 00:00:00",Completed,61090.00
2704,1,,"07823394","2021-05-31 00:00:00",Completed,483910.00
2705,1,,"07823394","2019-10-26 00:00:00",Completed,170100.00
2706,1,,"07823394","2025-05-16 00:00:00",Completed,76440.00
2707,1,,"07823394","2018-04-07 00:00:00",Completed,35300.00
2708,1,,"07823394","2018-07-27 00:00:00",Completed,342800.00
2709,1,,"07823394","2022-03-04 00:00:00",Completed,1125800.00
2710,1,,"07823394","2025-05-26 00:00:00",Completed,83600.00
2711,1,,"07823394","2025-07-28 00:00:00",Completed,100.00
2712,1,,"07823394","2025-04-27 00:00:00",Completed,41450.00
2713,1,,"07823394","2019-06-19 00:00:00",Completed,133500.00
2714,1,,"07823394","2019-06-28 00:00:00",Completed,102200.00
2715,1,,"07823394","2018-04-24 00:00:00",Completed,41060.00
2716,1,,"07823394","2023-12-26 00:00:00",Completed,1162500.00
2717,1,,"07823394","2021-11-22 00:00:00",Completed,54470.00
2718,1,,"07823394","2019-08-16 00:00:00",Completed,426790.00
2719,1,,"07823394","2018-10-17 00:00:00",Completed,40500.00
2720,1,,"07823394","2023-10-21 00:00:00",Completed,75220.00
2721,1,,"07823394","2018-11-23 00:00:00",Completed,90900.00
2722,1,,"07823394","2019-12-04 00:00:00",Completed,106350.00
2723,1,,"07823394","2025-05-18 00:00:00",Completed,391880.00
2724,1,,"07823394","2020-04-15 00:00:00",Completed,430810.00
2725,1,,"07823394","2022-07-11 00:00:00",Completed,557670.00
2726,1,,"07823394","2022-12-22 00:00:00",Completed,59200.00
2727,1,,"07823394","2022-07-23 00:00:00",Completed,381990.00
2728,1,,"07823394","2019-03-29 00:00:00",Completed,15300.00
2729,1,,"07823394","2018-04-01 00:00:00",Completed,41980.00
2730,1,,"07823394","2025-01-05 00:00:00",Completed,17500.00
2731,1,,"07823394","2020-07-13 00:00:00",Completed,165820.00
2732,1,,"07823394","2020-05-30 00:00:00",Completed,23600.00
2733,1,,"07823394","2021-05-24 00:00:00",Completed,46200.00
2734,1,,"07823394","2018-12-27 00:00:00",Completed,1273590.00
2735,1,,"07823394","2021-11-23 00:00:00",Completed,213500.00
2736,1,,"07823394","2019-01-14 00:00:00",Completed,73500.00
2737,1,,"07823394","2025-07-19 00:00:00",Completed,20760.00
2738,1,,"07823394","2025-07-03 00:00:00",Completed,28960.00
2739,1,,"07823394","2020-12-05 00:00:00",Completed,196330.00
2740,1,,"07823394","2021-09-23 00:00:00",Completed,67030.00
2741,1,,"07823394","2021-07-28 00:00:00",Completed,603000.00
2742,1,,"07823394","2018-05-24 00:00:00",Completed,113830.00
2743,1,,"07823394","2023-07-23 00:00:00",Completed,166200.00
2744,1,,"07823394","2019-02-20 00:00:00",Completed,3633220.00
2745,1,,"07823394","2021-04-29 00:00:00",Completed,1386000.00
2746,1,,"07823394","2024-07-02 00:00:00",Completed,65200.00
2747,1,,"07823394","2018-12-04 00:00:00",Completed,5830110.00
2748,1,,"07823394","2018-10-03 00:00:00",Completed,24100.00
2749,1,,"07823394","2023-10-04 00:00:00",Completed,296340.00
2750,1,,"07823394","2022-09-23 00:00:00",Completed,291060.00
2751,1,,"07823394","2019-05-04 00:00:00",Completed,127440.00
2752,1,,"07823394","2021-05-01 00:00:00",Completed,86990.00
2753,1,,"07823394","2020-07-16 00:00:00",Completed,15420.00
2754,1,,"08001609","2023-01-14 00:00:00",Completed,18200.00
2755,1,,"08001609","2023-08-15 00:00:00",Completed,15650.00
2756,1,,"08001609","2022-01-16 00:00:00",Completed,17850.00
2757,1,,"08001609","2021-10-21 00:00:00",Completed,272480.00
2758,1,,"08001609","2020-09-13 00:00:00",Completed,4445000.00
2759,1,,"08001609","2022-07-30 00:00:00",Completed,1939200.00
2760,1,,"08001609","2024-12-10 00:00:00",Completed,21800.00
2761,1,,"08001609","2021-06-15 00:00:00",Completed,31500.00
2762,1,,"08001609","2025-04-22 00:00:00",Completed,100500.00
2763,1,,"08001609","2022-10-17 00:00:00",Completed,39890.00
2764,1,,"08001609","2018-04-18 00:00:00",Completed,104300.00
2765,1,,"08001609","2023-10-26 00:00:00",Completed,22300.00
2766,1,,"08001609","2024-02-21 00:00:00",Completed,807650.00
2767,1,,"08001609","2018-11-26 00:00:00",Completed,104650.00
2768,1,,"08001609","2025-07-05 00:00:00",Completed,41320.00
2769,1,,"08001609","2018-06-16 00:00:00",Completed,665280.00
2770,1,,"08001609","2025-05-09 00:00:00",Completed,347600.00
2771,1,,"08001609","2024-06-07 00:00:00",Completed,527070.00
2772,1,,"08001609","2024-01-20 00:00:00",Completed,39770.00
2773,1,,"08001609","2019-11-07 00:00:00",Completed,20560.00
2774,1,,"08001609","2022-11-19 00:00:00",Completed,7820.00
2775,1,,"08001609","2022-04-29 00:00:00",Completed,19930.00
2776,1,,"08001609","2021-06-30 00:00:00",Completed,24700.00
2777,1,,"08001609","2020-05-22 00:00:00",Completed,238460.00
2778,1,,"08001609","2023-04-05 00:00:00",Completed,181100.00
2779,1,,"08001609","2023-08-11 00:00:00",Completed,28200.00
2780,1,,"08001609","2018-08-01 00:00:00",Completed,679000.00
2781,1,,"08001609","2022-07-04 00:00:00",Completed,31200.00
2782,1,,"08001609","2025-05-28 00:00:00",Completed,291460.00
2783,1,,"08001609","2020-11-11 00:00:00",Completed,289090.00
2784,1,,"08001609","2022-04-08 00:00:00",Completed,3981890.00
2785,1,,"08001609","2019-05-29 00:00:00",Completed,207200.00
2786,1,,"08001609","2018-09-20 00:00:00",Completed,296640.00
2787,1,,"08001609","2024-02-21 00:00:00",Completed,1407840.00
2788,1,,"08001609","2020-04-17 00:00:00",Completed,7230.00
2789,1,,"08001609","2024-05-11 00:00:00",Completed,273600.00
2790,1,,"08001609","2018-05-28 00:00:00",Completed,150240.00
2791,1,,"08001609","2023-07-17 00:00:00",Completed,101600.00
2792,1,,"08001609","2018-06-11 00:00:00",Completed,94870.00
2793,1,,"08001609","2024-03-24 00:00:00",Completed,25870.00
2794,1,,"08001609","2021-07-11 00:00:00",Completed,28550.00
2795,1,,"08001609","2019-09-23 00:00:00",Completed,806340.00
2796,1,,"08001609","2023-12-04 00:00:00",Completed,22800.00
2797,1,,"08001609","2022-05-27 00:00:00",Completed,255190.00
2798,1,,"08001609","2018-06-03 00:00:00",Completed,713400.00
2799,1,,"08001609","2021-01-12 00:00:00",Completed,180500.00
2800,1,,"08001609","2024-11-06 00:00:00",Completed,38400.00
2801,1,,"08001609","2024-09-02 00:00:00",Completed,39650.00
2802,1,,"08001609","2021-10-08 00:00:00",Completed,602000.00
2803,1,,"08001609","2023-12-13 00:00:00",Completed,17320.00
2804,1,,"08001609","2023-08-31 00:00:00",Completed,179400.00
2805,1,,"08001609","2019-12-26 00:00:00",Completed,778000.00
2806,1,,"08001609","2024-01-27 00:00:00",Completed,7640.00
2807,1,,"08001609","2018-10-22 00:00:00",Completed,257400.00
2808,1,,"08001609","2021-10-04 00:00:00",Completed,833980.00
2809,1,,"08001609","2022-06-16 00:00:00",Completed,222950.00
2810,1,,"08001609","2019-10-10 00:00:00",Completed,657340.00
2811,1,,"08001609","2019-07-17 00:00:00",Completed,756000.00
2812,1,,"08001609","2019-03-24 00:00:00",Completed,251400.00
2813,1,,"08001609","2023-11-28 00:00:00",Completed,374000.00
2814,1,,"08001609","2019-05-14 00:00:00",Completed,54140.00
2815,1,,"08001609","2022-11-23 00:00:00",Completed,169440.00
2816,1,,"08001609","2020-12-21 00:00:00",Completed,62980.00
2817,1,,"08001609","2021-06-03 00:00:00",Completed,1102530.00
2818,1,,"08001609","2023-07-17 00:00:00",Completed,233640.00
2819,1,,"08001609","2022-04-08 00:00:00",Completed,730800.00
2820,1,,"08001609","2023-01-31 00:00:00",Completed,104720.00
2821,1,,"08001609","2020-04-08 00:00:00",Completed,204630.00
2822,1,,"08001609","2024-06-26 00:00:00",Completed,18800.00
2823,1,,"08001609","2018-09-10 00:00:00",Completed,200.00
2824,1,,"08001609","2020-03-03 00:00:00",Completed,368030.00
2825,1,,"08001609","2021-12-21 00:00:00",Completed,515620.00
2826,1,,"08001609","2024-08-19 00:00:00",Completed,1507010.00
2827,1,,"08001609","2025-01-10 00:00:00",Completed,148500.00
2828,1,,"08001609","2023-06-13 00:00:00",Completed,252960.00
2829,1,,"08001609","2021-06-06 00:00:00",Completed,166000.00
2830,1,,"08001609","2018-09-26 00:00:00",Completed,67320.00
2831,1,,"08001609","2024-11-07 00:00:00",Completed,2591060.00
2832,1,,"08001609","2022-02-20 00:00:00",Completed,190800.00
2833,1,,"08001609","2024-01-13 00:00:00",Completed,25700.00
2834,1,,"08001609","2023-12-26 00:00:00",Completed,931790.00
2835,1,,"08001609","2022-04-22 00:00:00",Completed,112220.00
2836,1,,"08001609","2021-02-02 00:00:00",Completed,10101600.00
2837,1,,"08001609","2022-06-02 00:00:00",Completed,29070.00
2838,1,,"08001609","2024-03-07 00:00:00",Completed,1012910.00
2839,1,,"08001609","2018-03-31 00:00:00",Completed,68980.00
2840,1,,"08001609","2022-07-18 00:00:00",Completed,205180.00
2841,1,,"08001609","2022-01-25 00:00:00",Completed,498680.00
2842,1,,"08001609","2024-06-05 00:00:00",Completed,390600.00
2843,1,,"08001609","2021-03-19 00:00:00",Completed,361420.00
2844,1,,"08001609","2018-10-25 00:00:00",Completed,10670.00
2845,1,,"08001609","2025-04-19 00:00:00",Completed,100840.00
2846,1,,"08001609","2025-05-27 00:00:00",Completed,100000.00
2847,1,,"08001609","2021-07-04 00:00:00",Completed,895780.00
2848,1,,"08001609","2021-07-21 00:00:00",Completed,100.00
2849,1,,"08001609","2025-06-28 00:00:00",Completed,1272000.00
2850,1,,"08039092","2021-11-26 00:00:00",Completed,888000.00
2851,1,,"08039092","2020-06-03 00:00:00",Completed,263120.00
2852,1,,"08039092","2020-06-29 00:00:00",Completed,40500.00
2853,1,,"08039092","2022-06-16 00:00:00",Completed,335020.00
2854,1,,"08039092","2020-11-13 00:00:00",Completed,184300.00
2855,1,,"08039092","2019-08-11 00:00:00",Completed,3440.00
2856,1,,"08039092","2023-05-02 00:00:00",Completed,274400.00
2857,1,,"08039092","2021-07-06 00:00:00",Completed,193260.00
2858,1,,"08039092","2019-04-10 00:00:00",Completed,790400.00
2859,1,,"08039092","2019-11-28 00:00:00",Completed,41580.00
2860,1,,"08039092","2022-02-28 00:00:00",Completed,1235970.00
2861,1,,"08039092","2019-12-30 00:00:00",Completed,1229280.00
2862,1,,"08039092","2021-01-18 00:00:00",Completed,436800.00
2863,1,,"08039092","2019-10-29 00:00:00",Completed,248720.00
2864,1,,"08039092","2021-06-01 00:00:00",Completed,48600.00
2865,1,,"08039092","2025-07-15 00:00:00",Completed,6270.00
2866,1,,"08039092","2023-07-15 00:00:00",Completed,243100.00
2867,1,,"08039092","2024-03-10 00:00:00",Completed,43840.00
2868,1,,"08039092","2021-06-02 00:00:00",Completed,35000.00
2869,1,,"08039092","2021-11-25 00:00:00",Completed,31910.00
2870,1,,"08039092","2018-07-17 00:00:00",Completed,995900.00
2871,1,,"08039092","2023-06-07 00:00:00",Completed,49900.00
2872,1,,"08039092","2022-11-12 00:00:00",Completed,245000.00
2873,1,,"08039092","2018-01-18 00:00:00",Completed,66600.00
2874,1,,"08039092","2021-10-21 00:00:00",Completed,266000.00
2875,1,,"08039092","2022-05-21 00:00:00",Completed,272800.00
2876,1,,"08039092","2023-10-20 00:00:00",Completed,19080.00
2877,1,,"08039092","2019-03-31 00:00:00",Completed,870800.00
2878,1,,"08039092","2020-10-29 00:00:00",Completed,306090.00
2879,1,,"08039092","2022-02-12 00:00:00",Completed,97500.00
2880,1,,"08039092","2020-02-15 00:00:00",Completed,27200.00
2881,1,,"08039092","2020-04-16 00:00:00",Completed,556140.00
2882,1,,"08039092","2023-11-19 00:00:00",Completed,255420.00
2883,1,,"08039092","2019-06-07 00:00:00",Completed,33440.00
2884,1,,"08039092","2021-10-01 00:00:00",Completed,11200.00
2885,1,,"08039092","2021-05-04 00:00:00",Completed,970140.00
2886,1,,"08039092","2025-06-24 00:00:00",Completed,1400.00
2887,1,,"08039092","2025-04-01 00:00:00",Completed,546000.00
2888,1,,"08039092","2025-04-05 00:00:00",Completed,1466300.00
2889,1,,"08039092","2020-02-25 00:00:00",Completed,22700.00
2890,1,,"08039092","2020-10-03 00:00:00",Completed,5000.00
2891,1,,"08039092","2022-10-03 00:00:00",Completed,2178250.00
2892,1,,"08039092","2020-12-09 00:00:00",Completed,933800.00
2893,1,,"08039092","2021-07-31 00:00:00",Completed,907500.00
2894,1,,"08039092","2018-01-16 00:00:00",Completed,60860.00
2895,1,,"08039092","2023-07-08 00:00:00",Completed,75900.00
2896,1,,"08039092","2024-08-26 00:00:00",Completed,251660.00
2897,1,,"08039092","2018-04-21 00:00:00",Completed,600.00
2898,1,,"08039092","2022-05-11 00:00:00",Completed,442040.00
2899,1,,"08039092","2025-04-21 00:00:00",Completed,10490.00
2900,1,,"08039092","2020-01-12 00:00:00",Completed,1425000.00
2901,1,,"08039092","2020-07-01 00:00:00",Completed,1161160.00
2902,1,,"08039092","2020-03-15 00:00:00",Completed,65700.00
2903,1,,"08039092","2019-12-24 00:00:00",Completed,5300.00
2904,1,,"08039092","2024-04-27 00:00:00",Completed,285950.00
2905,1,,"08039092","2019-01-07 00:00:00",Completed,33970.00
2906,1,,"08039092","2020-01-20 00:00:00",Completed,69540.00
2907,1,,"08039092","2020-12-23 00:00:00",Completed,502740.00
2908,1,,"08039092","2024-07-13 00:00:00",Completed,98100.00
2909,1,,"08039092","2024-05-30 00:00:00",Completed,14450.00
2910,1,,"08039092","2023-10-02 00:00:00",Completed,35100.00
2911,1,,"08039092","2018-12-27 00:00:00",Completed,44370.00
2912,1,,"08039092","2020-04-11 00:00:00",Completed,1120280.00
2913,1,,"08039092","2018-11-26 00:00:00",Completed,113620.00
2914,1,,"08039092","2020-01-23 00:00:00",Completed,64790.00
2915,1,,"08039092","2021-06-03 00:00:00",Completed,64200.00
2916,1,,"08039092","2019-07-08 00:00:00",Completed,13580.00
2917,1,,"08039092","2023-07-18 00:00:00",Completed,185600.00
2918,1,,"08039092","2023-12-01 00:00:00",Completed,70560.00
2919,1,,"08039092","2022-03-15 00:00:00",Completed,948020.00
2920,1,,"08039092","2023-01-29 00:00:00",Completed,826500.00
2921,1,,"08039092","2019-03-14 00:00:00",Completed,132820.00
2922,1,,"08039092","2019-10-28 00:00:00",Completed,161470.00
2923,1,,"08039092","2020-12-18 00:00:00",Completed,530440.00
2924,1,,"08039092","2025-07-19 00:00:00",Completed,115710.00
2925,1,,"08039092","2019-08-04 00:00:00",Completed,47800.00
2926,1,,"08039092","2021-06-14 00:00:00",Completed,55930.00
2927,1,,"08046455","2023-03-01 00:00:00",Completed,154660.00
2928,1,,"08046455","2018-08-05 00:00:00",Completed,95100.00
2929,1,,"08046455","2022-06-16 00:00:00",Completed,37490.00
2930,1,,"08046455","2023-06-04 00:00:00",Completed,159320.00
2931,1,,"08046455","2021-03-05 00:00:00",Completed,48300.00
2932,1,,"08046455","2019-04-24 00:00:00",Completed,213000.00
2933,1,,"08046455","2021-06-07 00:00:00",Completed,162600.00
2934,1,,"08046455","2019-07-24 00:00:00",Completed,1198400.00
2935,1,,"08046455","2022-09-13 00:00:00",Completed,97810.00
2936,1,,"08046455","2024-09-07 00:00:00",Completed,743230.00
2937,1,,"08046455","2023-06-27 00:00:00",Completed,88400.00
2938,1,,"08046455","2019-11-16 00:00:00",Completed,34650.00
2939,1,,"08046455","2024-03-06 00:00:00",Completed,47380.00
2940,1,,"08046455","2018-03-16 00:00:00",Completed,302640.00
2941,1,,"08046455","2020-10-15 00:00:00",Completed,300.00
2942,1,,"08046455","2025-06-22 00:00:00",Completed,99320.00
2943,1,,"08046455","2024-04-08 00:00:00",Completed,282240.00
2944,1,,"08046455","2021-03-13 00:00:00",Completed,44700.00
2945,1,,"08046455","2021-09-09 00:00:00",Completed,28950.00
2946,1,,"08046455","2024-03-01 00:00:00",Completed,1264510.00
2947,1,,"08046455","2023-03-19 00:00:00",Completed,43320.00
2948,1,,"08046455","2024-02-04 00:00:00",Completed,19200.00
2949,1,,"08046455","2020-05-29 00:00:00",Completed,202300.00
2950,1,,"08046455","2021-01-22 00:00:00",Completed,33400.00
2951,1,,"08046455","2023-03-22 00:00:00",Completed,187200.00
2952,1,,"08046455","2022-07-12 00:00:00",Completed,462720.00
2953,1,,"08046455","2021-07-22 00:00:00",Completed,19000.00
2954,1,,"08046455","2021-10-10 00:00:00",Completed,6340000.00
2955,1,,"08046455","2019-04-30 00:00:00",Completed,75660.00
2956,1,,"08046455","2019-05-23 00:00:00",Completed,1058400.00
2957,1,,"08046455","2024-10-26 00:00:00",Completed,588380.00
2958,1,,"08046455","2025-06-06 00:00:00",Completed,4680000.00
2959,1,,"08046455","2025-07-05 00:00:00",Completed,91850.00
2960,1,,"08046455","2020-07-28 00:00:00",Completed,501980.00
2961,1,,"08046455","2025-05-11 00:00:00",Completed,44160.00
2962,1,,"08046455","2023-11-15 00:00:00",Completed,1638950.00
2963,1,,"08046455","2022-05-07 00:00:00",Completed,700.00
2964,1,,"08046455","2019-01-23 00:00:00",Completed,396800.00
2965,1,,"08046455","2022-08-05 00:00:00",Completed,762430.00
2966,1,,"08046455","2019-09-02 00:00:00",Completed,47800.00
2967,1,,"08046455","2020-08-24 00:00:00",Completed,147580.00
2968,1,,"08046455","2022-12-13 00:00:00",Completed,32000.00
2969,1,,"08046455","2022-03-15 00:00:00",Completed,10490.00
2970,1,,"08046455","2018-03-10 00:00:00",Completed,70880.00
2971,1,,"08046455","2018-12-06 00:00:00",Completed,48710.00
2972,1,,"08046455","2025-01-03 00:00:00",Completed,800980.00
2973,1,,"08046455","2020-09-24 00:00:00",Completed,5207400.00
2974,1,,"08046455","2025-04-27 00:00:00",Completed,1099620.00
2975,1,,"08046455","2021-11-12 00:00:00",Completed,41400.00
2976,1,,"08046455","2020-05-14 00:00:00",Completed,83000.00
2977,1,,"08046455","2022-10-23 00:00:00",Completed,630340.00
2978,1,,"08046455","2024-02-10 00:00:00",Completed,110100.00
2979,1,,"08046455","2024-01-24 00:00:00",Completed,280800.00
2980,1,,"08046455","2018-10-09 00:00:00",Completed,9410.00
2981,1,,"08046455","2019-02-10 00:00:00",Completed,85050.00
2982,1,,"08046455","2018-04-19 00:00:00",Completed,373350.00
2983,1,,"08046455","2023-11-24 00:00:00",Completed,82840.00
2984,1,,"08046455","2021-12-27 00:00:00",Completed,377100.00
2985,1,,"08046455","2024-12-05 00:00:00",Completed,114600.00
2986,1,,"08046455","2025-02-19 00:00:00",Completed,44300.00
2987,1,,"08046455","2021-01-22 00:00:00",Completed,195600.00
2988,1,,"08046455","2018-11-22 00:00:00",Completed,146400.00
2989,1,,"08046455","2023-11-06 00:00:00",Completed,560300.00
2990,1,,"08046455","2020-05-30 00:00:00",Completed,40390.00
2991,1,,"08046455","2018-08-26 00:00:00",Completed,482390.00
2992,1,,"08046455","2023-12-31 00:00:00",Completed,858400.00
2993,1,,"08046455","2024-02-04 00:00:00",Completed,3000.00
2994,1,,"08046455","2021-07-30 00:00:00",Completed,27600.00
2995,1,,"08046455","2020-03-08 00:00:00",Completed,3628500.00
2996,1,,"08046455","2020-08-16 00:00:00",Completed,24550.00
2997,1,,"08046455","2024-06-01 00:00:00",Completed,176040.00
2998,1,,"08046455","2023-01-02 00:00:00",Completed,289500.00
2999,1,,"08046455","2019-09-12 00:00:00",Completed,35800.00
3000,1,,"08046455","2022-06-28 00:00:00",Completed,796200.00
3001,1,,"08046455","2023-08-21 00:00:00",Completed,17200.00
3002,1,,"08046455","2021-12-17 00:00:00",Completed,14210.00
3003,1,,"08046455","2018-02-28 00:00:00",Completed,39930.00
3004,1,,"08046455","2018-11-08 00:00:00",Completed,1946160.00
3005,1,,"08046455","2018-04-20 00:00:00",Completed,282240.00
3006,1,,"08046455","2021-12-28 00:00:00",Completed,10371900.00
3007,1,,"08046455","2022-08-18 00:00:00",Completed,199500.00
3008,1,,"08046455","2021-08-26 00:00:00",Completed,21000.00
3009,1,,"08046455","2018-01-13 00:00:00",Completed,80100.00
3010,1,,"08046455","2018-07-28 00:00:00",Completed,19010.00
3011,1,,"08046455","2021-04-26 00:00:00",Completed,44900.00
3012,1,,"08046455","2021-03-11 00:00:00",Completed,46800.00
3013,1,,"08046455","2019-12-21 00:00:00",Completed,116000.00
3014,1,,"08046455","2022-03-01 00:00:00",Completed,5764500.00
3015,1,,"08046455","2025-07-05 00:00:00",Completed,47630.00
3016,1,,"08046455","2019-11-19 00:00:00",Completed,295800.00
3017,1,,"08046455","2020-01-29 00:00:00",Completed,742630.00
3018,1,,"08046455","2018-03-28 00:00:00",Completed,4526400.00
3019,1,,"08046455","2021-10-30 00:00:00",Completed,88800.00
3020,1,,"08046455","2019-10-05 00:00:00",Completed,38020.00
3021,1,,"08046455","2019-05-29 00:00:00",Completed,3590.00
3022,1,,"08046455","2021-03-20 00:00:00",Completed,609000.00
3023,1,,"08046455","2024-01-28 00:00:00",Completed,52800.00
3024,1,,"08046455","2018-04-04 00:00:00",Completed,46250.00
3025,1,,"08046455","2020-08-10 00:00:00",Completed,206400.00
3026,1,,"08046455","2021-03-29 00:00:00",Completed,100.00
3027,1,,"08184297","2022-11-13 00:00:00",Completed,41600.00
3028,1,,"08184297","2020-02-14 00:00:00",Completed,103600.00
3029,1,,"08184297","2023-03-07 00:00:00",Completed,687500.00
3030,1,,"08184297","2022-11-01 00:00:00",Completed,6400.00
3031,1,,"08184297","2022-11-22 00:00:00",Completed,886350.00
3032,1,,"08184297","2024-12-09 00:00:00",Completed,540000.00
3033,1,,"08184297","2024-08-18 00:00:00",Completed,19350.00
3034,1,,"08184297","2023-03-25 00:00:00",Completed,2100.00
3035,1,,"08184297","2024-12-17 00:00:00",Completed,20000.00
3036,1,,"08184297","2024-02-13 00:00:00",Completed,40800.00
3037,1,,"08184297","2019-12-29 00:00:00",Completed,102600.00
3038,1,,"08184297","2024-07-21 00:00:00",Completed,2620.00
3039,1,,"08184297","2020-08-15 00:00:00",Completed,241920.00
3040,1,,"08184297","2024-08-19 00:00:00",Completed,67550.00
3041,1,,"08184297","2021-05-27 00:00:00",Completed,834900.00
3042,1,,"08184297","2025-07-23 00:00:00",Completed,2923200.00
3043,1,,"08184297","2020-07-15 00:00:00",Completed,444800.00
3044,1,,"08184297","2023-11-02 00:00:00",Completed,41170.00
3045,1,,"08184297","2023-12-10 00:00:00",Completed,17600.00
3046,1,,"08184297","2021-03-10 00:00:00",Completed,615000.00
3047,1,,"08184297","2020-02-01 00:00:00",Completed,4383400.00
3048,1,,"08184297","2020-09-18 00:00:00",Completed,26400.00
3049,1,,"08184297","2022-05-17 00:00:00",Completed,17150.00
3050,1,,"08184297","2021-08-01 00:00:00",Completed,44710.00
3051,1,,"08184297","2018-02-13 00:00:00",Completed,960000.00
3052,1,,"08184297","2024-05-25 00:00:00",Completed,1459200.00
3053,1,,"08184297","2019-01-15 00:00:00",Completed,3562020.00
3054,1,,"08184297","2022-04-02 00:00:00",Completed,805460.00
3055,1,,"08184297","2022-03-15 00:00:00",Completed,524880.00
3056,1,,"08184297","2025-04-26 00:00:00",Completed,285600.00
3057,1,,"08184297","2023-06-22 00:00:00",Completed,96000.00
3058,1,,"08184297","2021-05-27 00:00:00",Completed,2308640.00
3059,1,,"08184297","2018-10-29 00:00:00",Completed,204820.00
3060,1,,"08184297","2023-11-23 00:00:00",Completed,781200.00
3061,1,,"08184297","2020-09-23 00:00:00",Completed,103490.00
3062,1,,"08184297","2020-10-01 00:00:00",Completed,42290.00
3063,1,,"08184297","2021-04-15 00:00:00",Completed,600.00
3064,1,,"08184297","2024-04-28 00:00:00",Completed,2800.00
3065,1,,"08184297","2020-02-26 00:00:00",Completed,780860.00
3066,1,,"08184297","2021-06-20 00:00:00",Completed,32740.00
3067,1,,"08184297","2023-03-22 00:00:00",Completed,159200.00
3068,1,,"08184297","2020-06-25 00:00:00",Completed,810900.00
3069,1,,"08184297","2020-06-24 00:00:00",Completed,1620000.00
3070,1,,"08184297","2024-09-28 00:00:00",Completed,169000.00
3071,1,,"08184297","2024-02-16 00:00:00",Completed,24400.00
3072,1,,"08184297","2019-11-01 00:00:00",Completed,111000.00
3073,1,,"08184297","2024-06-22 00:00:00",Completed,30400.00
3074,1,,"08184297","2025-02-28 00:00:00",Completed,566400.00
3075,1,,"08184297","2019-05-01 00:00:00",Completed,455400.00
3076,1,,"08184297","2020-06-05 00:00:00",Completed,986400.00
3077,1,,"08184297","2019-01-17 00:00:00",Completed,54200.00
3078,1,,"08184297","2022-03-29 00:00:00",Completed,550900.00
3079,1,,"08184297","2022-02-05 00:00:00",Completed,1342320.00
3080,1,,"08184297","2025-03-26 00:00:00",Completed,282240.00
3081,1,,"08184297","2022-12-12 00:00:00",Completed,12730.00
3082,1,,"08184297","2024-05-12 00:00:00",Completed,220920.00
3083,1,,"08184297","2023-03-05 00:00:00",Completed,1564500.00
3084,1,,"08184297","2019-12-21 00:00:00",Completed,329000.00
3085,1,,"08184297","2022-04-25 00:00:00",Completed,215000.00
3086,1,,"08184297","2018-12-26 00:00:00",Completed,316800.00
3087,1,,"08184297","2021-07-07 00:00:00",Completed,1218240.00
3088,1,,"08184297","2019-01-06 00:00:00",Completed,2690.00
3089,1,,"08184297","2020-12-30 00:00:00",Completed,1372800.00
3090,1,,"08184297","2024-08-06 00:00:00",Completed,1747830.00
3091,1,,"08184297","2020-03-31 00:00:00",Completed,38210.00
3092,1,,"08184297","2021-01-11 00:00:00",Completed,18240.00
3093,1,,"08184297","2021-06-20 00:00:00",Completed,20530.00
3094,1,,"08184297","2018-11-18 00:00:00",Completed,787200.00
3095,1,,"08184297","2021-05-22 00:00:00",Completed,890010.00
3096,1,,"08184297","2024-08-31 00:00:00",Completed,1634500.00
3097,1,,"08184297","2020-03-12 00:00:00",Completed,117600.00
3098,1,,"08184297","2021-04-15 00:00:00",Completed,78720.00
3099,1,,"08184297","2024-07-29 00:00:00",Completed,40100.00
3100,1,,"08184297","2023-09-18 00:00:00",Completed,34680.00
3101,1,,"08184297","2023-10-08 00:00:00",Completed,268000.00
3102,1,,"08184297","2021-07-16 00:00:00",Completed,17940.00
3103,1,,"08184297","2022-01-31 00:00:00",Completed,23320.00
3104,1,,"08184297","2018-12-15 00:00:00",Completed,128060.00
3105,1,,"08184297","2024-11-09 00:00:00",Completed,176990.00
3106,1,,"08184297","2022-02-26 00:00:00",Completed,13800.00
3107,1,,"08184297","2023-04-03 00:00:00",Completed,56650.00
3108,1,,"08184297","2023-05-06 00:00:00",Completed,1900.00
3109,1,,"09040532","2021-08-23 00:00:00",Completed,753600.00
3110,1,,"09040532","2024-05-31 00:00:00",Completed,921890.00
3111,1,,"09040532","2023-04-30 00:00:00",Completed,316800.00
3112,1,,"09040532","2020-03-27 00:00:00",Completed,7990.00
3113,1,,"09040532","2019-10-08 00:00:00",Completed,5000.00
3114,1,,"09040532","2018-08-11 00:00:00",Completed,14450.00
3115,1,,"09040532","2022-10-23 00:00:00",Completed,22660.00
3116,1,,"09040532","2020-10-18 00:00:00",Completed,303830.00
3117,1,,"09040532","2024-05-31 00:00:00",Completed,32800.00
3118,1,,"09040532","2019-11-29 00:00:00",Completed,15490.00
3119,1,,"09040532","2021-12-23 00:00:00",Completed,266490.00
3120,1,,"09040532","2018-12-07 00:00:00",Completed,272800.00
3121,1,,"09040532","2021-03-31 00:00:00",Completed,11590.00
3122,1,,"09040532","2023-04-10 00:00:00",Completed,1194800.00
3123,1,,"09040532","2023-03-10 00:00:00",Completed,175500.00
3124,1,,"09040532","2021-09-21 00:00:00",Completed,46080.00
3125,1,,"09040532","2021-03-25 00:00:00",Completed,74300.00
3126,1,,"09040532","2023-07-25 00:00:00",Completed,24950.00
3127,1,,"09040532","2020-04-20 00:00:00",Completed,140430.00
3128,1,,"09040532","2019-05-02 00:00:00",Completed,832000.00
3129,1,,"09040532","2024-05-07 00:00:00",Completed,9700.00
3130,1,,"09040532","2020-10-20 00:00:00",Completed,1068000.00
3131,1,,"09040532","2021-12-15 00:00:00",Completed,41600.00
3132,1,,"09040532","2021-11-29 00:00:00",Completed,502640.00
3133,1,,"09040532","2019-03-31 00:00:00",Completed,17330.00
3134,1,,"09040532","2020-06-26 00:00:00",Completed,175100.00
3135,1,,"09040532","2024-04-03 00:00:00",Completed,8967000.00
3136,1,,"09040532","2018-08-24 00:00:00",Completed,659790.00
3137,1,,"09040532","2020-09-18 00:00:00",Completed,2861950.00
3138,1,,"09040532","2023-05-06 00:00:00",Completed,270910.00
3139,1,,"09040532","2018-09-28 00:00:00",Completed,471600.00
3140,1,,"09040532","2022-09-22 00:00:00",Completed,15310.00
3141,1,,"09040532","2024-01-10 00:00:00",Completed,7200.00
3142,1,,"09040532","2024-07-16 00:00:00",Completed,123660.00
3143,1,,"09040532","2023-10-31 00:00:00",Completed,850000.00
3144,1,,"09040532","2019-04-19 00:00:00",Completed,9510.00
3145,1,,"09040532","2019-04-18 00:00:00",Completed,332640.00
3146,1,,"09040532","2025-05-11 00:00:00",Completed,9048600.00
3147,1,,"09040532","2025-03-15 00:00:00",Completed,40130.00
3148,1,,"09040532","2019-08-13 00:00:00",Completed,44800.00
3149,1,,"09040532","2019-11-07 00:00:00",Completed,163100.00
3150,1,,"09040532","2025-02-12 00:00:00",Completed,360500.00
3151,1,,"09040532","2022-12-24 00:00:00",Completed,112500.00
3152,1,,"09040532","2025-03-08 00:00:00",Completed,378880.00
3153,1,,"09040532","2020-11-07 00:00:00",Completed,29360.00
3154,1,,"09040532","2021-03-23 00:00:00",Completed,1362000.00
3155,1,,"09040532","2024-11-01 00:00:00",Completed,331350.00
3156,1,,"09040532","2022-01-22 00:00:00",Completed,652650.00
3157,1,,"09040532","2021-01-01 00:00:00",Completed,32970.00
3158,1,,"09040532","2019-04-07 00:00:00",Completed,663300.00
3159,1,,"09040532","2024-08-16 00:00:00",Completed,364560.00
3160,1,,"09040532","2023-05-22 00:00:00",Completed,483270.00
3161,1,,"09040532","2025-04-30 00:00:00",Completed,782500.00
3162,1,,"09040532","2024-05-15 00:00:00",Completed,26630.00
3163,1,,"09040532","2024-11-08 00:00:00",Completed,6000.00
3164,1,,"09040532","2020-06-27 00:00:00",Completed,2900.00
3165,1,,"09040532","2022-02-13 00:00:00",Completed,149780.00
3166,1,,"09040532","2019-10-01 00:00:00",Completed,11400.00
3167,1,,"09040532","2018-12-01 00:00:00",Completed,334800.00
3168,1,,"09040532","2022-03-16 00:00:00",Completed,68200.00
3169,1,,"09040532","2024-12-12 00:00:00",Completed,28810.00
3170,1,,"09040532","2021-12-12 00:00:00",Completed,353600.00
3171,1,,"09040532","2022-02-21 00:00:00",Completed,35840.00
3172,1,,"09040532","2023-05-14 00:00:00",Completed,528280.00
3173,1,,"09040532","2025-04-27 00:00:00",Completed,25200.00
3174,1,,"09040532","2018-09-22 00:00:00",Completed,329950.00
3175,1,,"09040532","2022-10-21 00:00:00",Completed,1232500.00
3176,1,,"09040532","2021-08-21 00:00:00",Completed,11430.00
3177,1,,"09040532","2023-09-22 00:00:00",Completed,119690.00
3178,1,,"09040532","2021-03-29 00:00:00",Completed,38800.00
3179,1,,"09040532","2019-11-21 00:00:00",Completed,359720.00
3180,1,,"09040532","2025-01-03 00:00:00",Completed,91000.00
3181,1,,"09040532","2023-10-13 00:00:00",Completed,52000.00
3182,1,,"09040532","2019-04-20 00:00:00",Completed,141120.00
3183,1,,"09040532","2019-07-04 00:00:00",Completed,1984400.00
3184,1,,"09040532","2020-09-22 00:00:00",Completed,40470.00
3185,1,,"09040532","2023-12-09 00:00:00",Completed,7180.00
3186,1,,"09040532","2018-08-07 00:00:00",Completed,61320.00
3187,1,,"09040532","2020-06-23 00:00:00",Completed,1976250.00
3188,1,,"09040532","2020-04-11 00:00:00",Completed,6858480.00
3189,1,,"09040532","2025-03-17 00:00:00",Completed,32200.00
3190,1,,"09040532","2023-03-05 00:00:00",Completed,1215000.00
3191,1,,"09040532","2019-04-24 00:00:00",Completed,46750.00
3192,1,,"09040532","2024-07-11 00:00:00",Completed,43010.00
3193,1,,"09040532","2020-08-02 00:00:00",Completed,1047820.00
3194,1,,"09058470","2024-01-28 00:00:00",Completed,28600.00
3195,1,,"09058470","2022-01-10 00:00:00",Completed,25280.00
3196,1,,"09058470","2021-11-18 00:00:00",Completed,441780.00
3197,1,,"09058470","2019-01-06 00:00:00",Completed,41710.00
3198,1,,"09058470","2024-07-03 00:00:00",Completed,672000.00
3199,1,,"09058470","2024-01-06 00:00:00",Completed,554200.00
3200,1,,"09058470","2023-02-18 00:00:00",Completed,742140.00
3201,1,,"09058470","2019-09-15 00:00:00",Completed,200.00
3202,1,,"09058470","2018-01-19 00:00:00",Completed,524400.00
3203,1,,"09058470","2019-08-28 00:00:00",Completed,696960.00
3204,1,,"09058470","2024-06-08 00:00:00",Completed,4667540.00
3205,1,,"09058470","2024-12-25 00:00:00",Completed,29700.00
3206,1,,"09058470","2025-06-08 00:00:00",Completed,739200.00
3207,1,,"09058470","2021-05-24 00:00:00",Completed,196000.00
3208,1,,"09058470","2019-04-12 00:00:00",Completed,900.00
3209,1,,"09058470","2019-02-15 00:00:00",Completed,123200.00
3210,1,,"09058470","2018-01-26 00:00:00",Completed,90000.00
3211,1,,"09058470","2019-12-25 00:00:00",Completed,488780.00
3212,1,,"09058470","2024-06-30 00:00:00",Completed,200.00
3213,1,,"09058470","2021-02-08 00:00:00",Completed,717500.00
3214,1,,"09058470","2024-08-19 00:00:00",Completed,30650.00
3215,1,,"09058470","2024-12-22 00:00:00",Completed,494590.00
3216,1,,"09058470","2022-12-15 00:00:00",Completed,18810.00
3217,1,,"09058470","2019-10-19 00:00:00",Completed,2090.00
3218,1,,"09058470","2018-06-26 00:00:00",Completed,38300.00
3219,1,,"09058470","2019-02-10 00:00:00",Completed,300000.00
3220,1,,"09058470","2021-01-20 00:00:00",Completed,210400.00
3221,1,,"09058470","2025-03-25 00:00:00",Completed,865000.00
3222,1,,"09058470","2021-03-16 00:00:00",Completed,11640.00
3223,1,,"09058470","2023-06-26 00:00:00",Completed,174430.00
3224,1,,"09058470","2025-02-08 00:00:00",Completed,77920.00
3225,1,,"09058470","2020-11-09 00:00:00",Completed,85650.00
3226,1,,"09058470","2024-08-28 00:00:00",Completed,4183830.00
3227,1,,"09058470","2024-02-07 00:00:00",Completed,47200.00
3228,1,,"09058470","2023-03-13 00:00:00",Completed,201020.00
3229,1,,"09058470","2018-10-20 00:00:00",Completed,455400.00
3230,1,,"09058470","2023-08-25 00:00:00",Completed,11200.00
3231,1,,"09058470","2020-03-04 00:00:00",Completed,556970.00
3232,1,,"09058470","2018-02-04 00:00:00",Completed,9410.00
3233,1,,"09058470","2018-09-15 00:00:00",Completed,56500.00
3234,1,,"09058470","2019-11-12 00:00:00",Completed,63000.00
3235,1,,"09058470","2024-09-07 00:00:00",Completed,11430.00
3236,1,,"09058470","2023-05-09 00:00:00",Completed,197220.00
3237,1,,"09058470","2025-02-03 00:00:00",Completed,108600.00
3238,1,,"09058470","2021-03-26 00:00:00",Completed,39400.00
3239,1,,"09058470","2022-07-13 00:00:00",Completed,306800.00
3240,1,,"09058470","2024-11-02 00:00:00",Completed,286580.00
3241,1,,"09058470","2021-10-29 00:00:00",Completed,194480.00
3242,1,,"09058470","2019-01-04 00:00:00",Completed,47600.00
3243,1,,"09058470","2025-02-16 00:00:00",Completed,235750.00
3244,1,,"09058470","2023-05-11 00:00:00",Completed,156600.00
3245,1,,"09058470","2020-09-04 00:00:00",Completed,147720.00
3246,1,,"09058470","2021-09-03 00:00:00",Completed,7570.00
3247,1,,"09058470","2018-02-07 00:00:00",Completed,9200.00
3248,1,,"09058470","2023-09-10 00:00:00",Completed,442150.00
3249,1,,"09058470","2024-12-18 00:00:00",Completed,446470.00
3250,1,,"09058470","2019-12-08 00:00:00",Completed,476000.00
3251,1,,"09058470","2023-05-10 00:00:00",Completed,208000.00
3252,1,,"09058470","2019-05-16 00:00:00",Completed,150000.00
3253,1,,"09058470","2023-07-21 00:00:00",Completed,356800.00
3254,1,,"09058470","2021-09-06 00:00:00",Completed,48000.00
3255,1,,"09058470","2025-01-19 00:00:00",Completed,23660.00
3256,1,,"09058470","2019-01-22 00:00:00",Completed,23400.00
3257,1,,"09058470","2025-03-21 00:00:00",Completed,26770.00
3258,1,,"09058470","2021-01-27 00:00:00",Completed,151620.00
3259,1,,"09058470","2024-12-01 00:00:00",Completed,92540.00
3260,1,,"09058470","2020-08-18 00:00:00",Completed,190510.00
3261,1,,"09058470","2018-02-27 00:00:00",Completed,6666000.00
3262,1,,"09058470","2019-06-01 00:00:00",Completed,20900.00
3263,1,,"09058470","2020-02-21 00:00:00",Completed,413100.00
3264,1,,"09058470","2020-12-15 00:00:00",Completed,27200.00
3265,1,,"09058470","2021-07-04 00:00:00",Completed,36670.00
3266,1,,"09058470","2020-12-09 00:00:00",Completed,543400.00
3267,1,,"09058470","2020-01-28 00:00:00",Completed,415800.00
3268,1,,"09058470","2025-03-09 00:00:00",Completed,1845000.00
3269,1,,"09058470","2018-10-07 00:00:00",Completed,979200.00
3270,1,,"09328288","2025-07-07 00:00:00",Completed,37100.00
3271,1,,"09328288","2018-01-14 00:00:00",Completed,2469100.00
3272,1,,"09328288","2019-02-01 00:00:00",Completed,142560.00
3273,1,,"09328288","2018-05-01 00:00:00",Completed,47700.00
3274,1,,"09328288","2023-02-08 00:00:00",Completed,710310.00
3275,1,,"09328288","2022-02-17 00:00:00",Completed,1746500.00
3276,1,,"09328288","2020-01-24 00:00:00",Completed,1154250.00
3277,1,,"09328288","2021-02-04 00:00:00",Completed,2200.00
3278,1,,"09328288","2024-12-26 00:00:00",Completed,22140.00
3279,1,,"09328288","2025-01-14 00:00:00",Completed,262400.00
3280,1,,"09328288","2019-11-26 00:00:00",Completed,75200.00
3281,1,,"09328288","2020-07-30 00:00:00",Completed,41270.00
3282,1,,"09328288","2019-01-08 00:00:00",Completed,26500.00
3283,1,,"09328288","2018-11-16 00:00:00",Completed,105600.00
3284,1,,"09328288","2019-03-15 00:00:00",Completed,40700.00
3285,1,,"09328288","2022-02-10 00:00:00",Completed,1482000.00
3286,1,,"09328288","2019-07-09 00:00:00",Completed,226600.00
3287,1,,"09328288","2025-05-03 00:00:00",Completed,69000.00
3288,1,,"09328288","2022-03-04 00:00:00",Completed,109500.00
3289,1,,"09328288","2019-09-26 00:00:00",Completed,10600.00
3290,1,,"09328288","2023-11-07 00:00:00",Completed,87600.00
3291,1,,"09328288","2023-07-13 00:00:00",Completed,47920.00
3292,1,,"09328288","2021-11-21 00:00:00",Completed,15390.00
3293,1,,"09328288","2023-06-27 00:00:00",Completed,1127330.00
3294,1,,"09328288","2024-04-27 00:00:00",Completed,33580.00
3295,1,,"09328288","2021-08-09 00:00:00",Completed,111600.00
3296,1,,"09328288","2019-04-28 00:00:00",Completed,32800.00
3297,1,,"09328288","2025-04-02 00:00:00",Completed,515970.00
3298,1,,"09328288","2019-10-25 00:00:00",Completed,303520.00
3299,1,,"09328288","2024-05-05 00:00:00",Completed,52450.00
3300,1,,"09328288","2025-01-14 00:00:00",Completed,164740.00
3301,1,,"09328288","2022-09-28 00:00:00",Completed,204000.00
3302,1,,"09328288","2020-07-19 00:00:00",Completed,47330.00
3303,1,,"09328288","2024-05-15 00:00:00",Completed,1324960.00
3304,1,,"09328288","2024-12-29 00:00:00",Completed,30270.00
3305,1,,"09328288","2024-01-13 00:00:00",Completed,148800.00
3306,1,,"09328288","2024-12-22 00:00:00",Completed,40400.00
3307,1,,"09328288","2020-10-09 00:00:00",Completed,100000.00
3308,1,,"09328288","2019-05-04 00:00:00",Completed,2200.00
3309,1,,"09328288","2020-01-18 00:00:00",Completed,21440.00
3310,1,,"09328288","2018-09-13 00:00:00",Completed,223000.00
3311,1,,"09328288","2024-12-23 00:00:00",Completed,284400.00
3312,1,,"09328288","2023-03-29 00:00:00",Completed,31060.00
3313,1,,"09328288","2025-07-08 00:00:00",Completed,17280.00
3314,1,,"09328288","2019-10-13 00:00:00",Completed,1419500.00
3315,1,,"09328288","2018-06-23 00:00:00",Completed,268200.00
3316,1,,"09328288","2022-06-01 00:00:00",Completed,1005600.00
3317,1,,"09328288","2024-03-11 00:00:00",Completed,114850.00
3318,1,,"09328288","2024-12-16 00:00:00",Completed,400720.00
3319,1,,"09328288","2025-03-19 00:00:00",Completed,474500.00
3320,1,,"09328288","2023-06-21 00:00:00",Completed,321900.00
3321,1,,"09328288","2018-10-16 00:00:00",Completed,14620.00
3322,1,,"09328288","2023-12-28 00:00:00",Completed,425320.00
3323,1,,"09328288","2020-01-14 00:00:00",Completed,270000.00
3324,1,,"09328288","2020-10-24 00:00:00",Completed,2735520.00
3325,1,,"09328288","2019-06-25 00:00:00",Completed,191300.00
3326,1,,"09328288","2021-04-19 00:00:00",Completed,375700.00
3327,1,,"09328288","2020-10-03 00:00:00",Completed,158400.00
3328,1,,"09328288","2024-08-09 00:00:00",Completed,24900.00
3329,1,,"09328288","2025-01-24 00:00:00",Completed,249190.00
3330,1,,"09328288","2021-10-12 00:00:00",Completed,158000.00
3331,1,,"09328288","2018-06-10 00:00:00",Completed,12100.00
3332,1,,"09328288","2020-05-30 00:00:00",Completed,112320.00
3333,1,,"09328288","2023-07-18 00:00:00",Completed,1033180.00
3334,1,,"09328288","2024-10-23 00:00:00",Completed,318600.00
3335,1,,"09328288","2022-10-05 00:00:00",Completed,12200.00
3336,1,,"09328288","2018-12-10 00:00:00",Completed,134400.00
3337,1,,"09328288","2021-12-01 00:00:00",Completed,208500.00
3338,1,,"09328288","2021-06-29 00:00:00",Completed,60910.00
3339,1,,"09328288","2019-03-06 00:00:00",Completed,78000.00
3340,1,,"09328288","2022-11-01 00:00:00",Completed,175690.00
3341,1,,"09328288","2025-07-20 00:00:00",Completed,105700.00
3342,1,,"09328288","2019-05-07 00:00:00",Completed,38000.00
3343,1,,"09328288","2023-04-30 00:00:00",Completed,254180.00
3344,1,,"09328288","2019-10-14 00:00:00",Completed,827200.00
3345,1,,"09328288","2023-07-13 00:00:00",Completed,29890.00
3346,1,,"09328288","2023-10-23 00:00:00",Completed,240120.00
3347,1,,"09328288","2018-05-17 00:00:00",Completed,252250.00
3348,1,,"09328288","2019-08-07 00:00:00",Completed,1540000.00
3349,1,,"09328288","2019-12-02 00:00:00",Completed,97020.00
3350,1,,"09328288","2025-06-05 00:00:00",Completed,146400.00
3351,1,,"09328288","2019-08-15 00:00:00",Completed,3697300.00
3352,1,,"09328288","2021-08-27 00:00:00",Completed,200.00
3353,1,,"09328288","2020-03-24 00:00:00",Completed,2900.00
3354,1,,"09328288","2018-11-25 00:00:00",Completed,27730.00
3355,1,,"09328288","2022-07-27 00:00:00",Completed,29400.00
3356,1,,"09372991","2021-01-21 00:00:00",Completed,5130.00
3357,1,,"09372991","2022-02-15 00:00:00",Completed,1670000.00
3358,1,,"09372991","2021-11-11 00:00:00",Completed,1214200.00
3359,1,,"09372991","2020-05-19 00:00:00",Completed,247860.00
3360,1,,"09372991","2019-12-25 00:00:00",Completed,3000.00
3361,1,,"09372991","2020-04-30 00:00:00",Completed,147840.00
3362,1,,"09372991","2020-10-25 00:00:00",Completed,6530.00
3363,1,,"09372991","2020-06-28 00:00:00",Completed,264990.00
3364,1,,"09372991","2022-03-05 00:00:00",Completed,372000.00
3365,1,,"09372991","2023-08-13 00:00:00",Completed,516600.00
3366,1,,"09372991","2024-02-09 00:00:00",Completed,119720.00
3367,1,,"09372991","2020-08-14 00:00:00",Completed,54430.00
3368,1,,"09372991","2025-03-14 00:00:00",Completed,23800.00
3369,1,,"09372991","2022-02-26 00:00:00",Completed,128040.00
3370,1,,"09372991","2024-12-04 00:00:00",Completed,1600.00
3371,1,,"09372991","2022-10-14 00:00:00",Completed,346500.00
3372,1,,"09372991","2023-03-18 00:00:00",Completed,24370.00
3373,1,,"09372991","2020-05-27 00:00:00",Completed,7300.00
3374,1,,"09372991","2023-12-25 00:00:00",Completed,155600.00
3375,1,,"09372991","2020-03-27 00:00:00",Completed,134100.00
3376,1,,"09372991","2018-12-31 00:00:00",Completed,672000.00
3377,1,,"09372991","2024-07-08 00:00:00",Completed,14800.00
3378,1,,"09372991","2025-07-28 00:00:00",Completed,314600.00
3379,1,,"09372991","2021-11-21 00:00:00",Completed,21530.00
3380,1,,"09372991","2018-01-18 00:00:00",Completed,47700.00
3381,1,,"09372991","2022-10-17 00:00:00",Completed,503620.00
3382,1,,"09372991","2019-12-21 00:00:00",Completed,127500.00
3383,1,,"09372991","2024-11-25 00:00:00",Completed,209190.00
3384,1,,"09372991","2022-11-14 00:00:00",Completed,107020.00
3385,1,,"09372991","2018-06-20 00:00:00",Completed,121800.00
3386,1,,"09372991","2024-07-01 00:00:00",Completed,10100.00
3387,1,,"09372991","2018-08-08 00:00:00",Completed,45000.00
3388,1,,"09372991","2024-12-31 00:00:00",Completed,591600.00
3389,1,,"09372991","2021-05-18 00:00:00",Completed,184430.00
3390,1,,"09372991","2020-05-14 00:00:00",Completed,81000.00
3391,1,,"09372991","2021-05-27 00:00:00",Completed,58800.00
3392,1,,"09372991","2021-08-14 00:00:00",Completed,12600.00
3393,1,,"09372991","2020-03-25 00:00:00",Completed,42770.00
3394,1,,"09372991","2024-05-21 00:00:00",Completed,94500.00
3395,1,,"09372991","2022-11-23 00:00:00",Completed,6105600.00
3396,1,,"09372991","2022-09-18 00:00:00",Completed,16550.00
3397,1,,"09372991","2019-09-06 00:00:00",Completed,189150.00
3398,1,,"09372991","2018-05-24 00:00:00",Completed,20320.00
3399,1,,"09372991","2025-01-18 00:00:00",Completed,1034800.00
3400,1,,"09372991","2024-03-04 00:00:00",Completed,300.00
3401,1,,"09372991","2024-10-04 00:00:00",Completed,83400.00
3402,1,,"09372991","2019-01-28 00:00:00",Completed,10100.00
3403,1,,"09372991","2019-10-19 00:00:00",Completed,8753500.00
3404,1,,"09372991","2022-11-17 00:00:00",Completed,127600.00
3405,1,,"09372991","2023-06-04 00:00:00",Completed,141400.00
3406,1,,"09372991","2018-11-06 00:00:00",Completed,129540.00
3407,1,,"09372991","2021-01-12 00:00:00",Completed,646400.00
3408,1,,"09372991","2025-04-23 00:00:00",Completed,25820.00
3409,1,,"09372991","2018-05-24 00:00:00",Completed,285600.00
3410,1,,"09372991","2021-11-08 00:00:00",Completed,441140.00
3411,1,,"09372991","2023-11-21 00:00:00",Completed,337600.00
3412,1,,"09372991","2018-11-04 00:00:00",Completed,236600.00
3413,1,,"09372991","2022-04-26 00:00:00",Completed,756000.00
3414,1,,"09372991","2021-07-16 00:00:00",Completed,813150.00
3415,1,,"09372991","2025-05-16 00:00:00",Completed,133130.00
3416,1,,"09372991","2018-11-23 00:00:00",Completed,118320.00
3417,1,,"09372991","2018-06-30 00:00:00",Completed,705600.00
3418,1,,"09372991","2022-07-15 00:00:00",Completed,814000.00
3419,1,,"09372991","2025-04-12 00:00:00",Completed,21430.00
3420,1,,"09372991","2019-10-14 00:00:00",Completed,552900.00
3421,1,,"09372991","2025-07-04 00:00:00",Completed,296300.00
3422,1,,"09372991","2023-07-16 00:00:00",Completed,65870.00
3423,1,,"09372991","2020-01-30 00:00:00",Completed,166400.00
3424,1,,"09372991","2024-02-26 00:00:00",Completed,931390.00
3425,1,,"09372991","2019-07-23 00:00:00",Completed,546700.00
3426,1,,"09372991","2022-01-09 00:00:00",Completed,28130.00
3427,1,,"09372991","2025-07-30 00:00:00",Completed,275200.00
3428,1,,"09372991","2020-04-24 00:00:00",Completed,318060.00
3429,1,,"09372991","2018-07-30 00:00:00",Completed,49700.00
3430,1,,"09403603","2024-01-05 00:00:00",Completed,1316600.00
3431,1,,"09403603","2022-11-15 00:00:00",Completed,59600.00
3432,1,,"09403603","2020-06-18 00:00:00",Completed,445560.00
3433,1,,"09403603","2022-03-11 00:00:00",Completed,3200.00
3434,1,,"09403603","2018-03-23 00:00:00",Completed,170330.00
3435,1,,"09403603","2024-05-16 00:00:00",Completed,272460.00
3436,1,,"09403603","2022-11-26 00:00:00",Completed,7800.00
3437,1,,"09403603","2018-12-26 00:00:00",Completed,100840.00
3438,1,,"09403603","2023-05-31 00:00:00",Completed,2150400.00
3439,1,,"09403603","2019-02-19 00:00:00",Completed,408070.00
3440,1,,"09403603","2018-07-03 00:00:00",Completed,84830.00
3441,1,,"09403603","2022-03-30 00:00:00",Completed,35280.00
3442,1,,"09403603","2020-04-03 00:00:00",Completed,1732720.00
3443,1,,"09403603","2020-08-19 00:00:00",Completed,559440.00
3444,1,,"09403603","2019-06-23 00:00:00",Completed,117300.00
3445,1,,"09403603","2021-02-27 00:00:00",Completed,180320.00
3446,1,,"09403603","2020-02-22 00:00:00",Completed,110480.00
3447,1,,"09403603","2022-03-28 00:00:00",Completed,30020.00
3448,1,,"09403603","2024-04-01 00:00:00",Completed,2900.00
3449,1,,"09403603","2021-10-15 00:00:00",Completed,33370.00
3450,1,,"09403603","2019-04-09 00:00:00",Completed,100.00
3451,1,,"09403603","2024-02-22 00:00:00",Completed,40400.00
3452,1,,"09403603","2020-06-30 00:00:00",Completed,108290.00
3453,1,,"09403603","2018-04-14 00:00:00",Completed,28200.00
3454,1,,"09403603","2021-01-18 00:00:00",Completed,8541700.00
3455,1,,"09403603","2020-12-06 00:00:00",Completed,89660.00
3456,1,,"09403603","2018-02-07 00:00:00",Completed,141670.00
3457,1,,"09403603","2023-03-21 00:00:00",Completed,14360.00
3458,1,,"09403603","2021-04-02 00:00:00",Completed,1300300.00
3459,1,,"09403603","2023-01-20 00:00:00",Completed,11810.00
3460,1,,"09403603","2020-05-04 00:00:00",Completed,23760.00
3461,1,,"09403603","2024-12-26 00:00:00",Completed,67320.00
3462,1,,"09403603","2024-10-28 00:00:00",Completed,33600.00
3463,1,,"09403603","2018-04-23 00:00:00",Completed,303100.00
3464,1,,"09403603","2021-02-13 00:00:00",Completed,37920.00
3465,1,,"09403603","2019-04-28 00:00:00",Completed,590800.00
3466,1,,"09403603","2024-08-17 00:00:00",Completed,608470.00
3467,1,,"09403603","2025-07-07 00:00:00",Completed,32880.00
3468,1,,"09403603","2020-11-03 00:00:00",Completed,767600.00
3469,1,,"09403603","2021-03-21 00:00:00",Completed,82000.00
3470,1,,"09403603","2019-09-14 00:00:00",Completed,237600.00
3471,1,,"09403603","2024-05-18 00:00:00",Completed,140950.00
3472,1,,"09403603","2023-02-15 00:00:00",Completed,486650.00
3473,1,,"09403603","2019-10-04 00:00:00",Completed,36300.00
3474,1,,"09403603","2018-01-02 00:00:00",Completed,85800.00
3475,1,,"09403603","2022-01-03 00:00:00",Completed,7900.00
3476,1,,"09403603","2025-06-24 00:00:00",Completed,1255870.00
3477,1,,"09403603","2024-01-09 00:00:00",Completed,8300.00
3478,1,,"09403603","2018-12-16 00:00:00",Completed,9660.00
3479,1,,"09403603","2020-09-02 00:00:00",Completed,123600.00
3480,1,,"09403603","2024-08-09 00:00:00",Completed,1159000.00
3481,1,,"09403603","2023-01-01 00:00:00",Completed,59540.00
3482,1,,"09403603","2023-04-08 00:00:00",Completed,75200.00
3483,1,,"09403603","2023-01-26 00:00:00",Completed,169580.00
3484,1,,"09403603","2024-12-21 00:00:00",Completed,444960.00
3485,1,,"09403603","2022-07-09 00:00:00",Completed,110010.00
3486,1,,"09403603","2024-02-15 00:00:00",Completed,208970.00
3487,1,,"09403603","2024-06-06 00:00:00",Completed,236590.00
3488,1,,"09403603","2024-01-12 00:00:00",Completed,43940.00
3489,1,,"09403603","2021-05-29 00:00:00",Completed,39800.00
3490,1,,"09403603","2018-07-17 00:00:00",Completed,203840.00
3491,1,,"09403603","2024-07-23 00:00:00",Completed,238800.00
3492,1,,"09403603","2021-04-06 00:00:00",Completed,200.00
3493,1,,"09403603","2022-11-21 00:00:00",Completed,829920.00
3494,1,,"09403603","2024-12-08 00:00:00",Completed,435440.00
3495,1,,"09403603","2024-11-06 00:00:00",Completed,21530.00
3496,1,,"09403603","2020-06-17 00:00:00",Completed,24550.00
3497,1,,"09403603","2025-02-08 00:00:00",Completed,102000.00
3498,1,,"09403603","2025-07-23 00:00:00",Completed,87910.00
3499,1,,"09403603","2024-10-29 00:00:00",Completed,6219080.00
3500,1,,"09403603","2021-03-31 00:00:00",Completed,116400.00
3501,1,,"09403603","2019-10-21 00:00:00",Completed,722670.00
3502,1,,"09403603","2020-08-14 00:00:00",Completed,251510.00
3503,1,,"09403603","2024-10-12 00:00:00",Completed,276450.00
3504,1,,"09403603","2024-08-23 00:00:00",Completed,368640.00
3505,1,,"09403603","2019-01-12 00:00:00",Completed,16760.00
3506,1,,"09403603","2020-12-30 00:00:00",Completed,57150.00
3507,1,,"09403603","2020-02-08 00:00:00",Completed,7500.00
3508,1,,"09403603","2021-08-20 00:00:00",Completed,10900.00
3509,1,,"09649205","2020-02-29 00:00:00",Completed,943940.00
3510,1,,"09649205","2025-02-13 00:00:00",Completed,16200.00
3511,1,,"09649205","2025-03-17 00:00:00",Completed,82000.00
3512,1,,"09649205","2023-03-06 00:00:00",Completed,1032700.00
3513,1,,"09649205","2021-11-07 00:00:00",Completed,23200.00
3514,1,,"09649205","2018-02-26 00:00:00",Completed,67300.00
3515,1,,"09649205","2018-03-23 00:00:00",Completed,44590.00
3516,1,,"09649205","2018-11-21 00:00:00",Completed,1075700.00
3517,1,,"09649205","2020-09-04 00:00:00",Completed,117600.00
3518,1,,"09649205","2024-01-18 00:00:00",Completed,60800.00
3519,1,,"09649205","2022-06-29 00:00:00",Completed,8200500.00
3520,1,,"09649205","2023-09-24 00:00:00",Completed,39620.00
3521,1,,"09649205","2024-01-30 00:00:00",Completed,26220.00
3522,1,,"09649205","2024-06-26 00:00:00",Completed,31300.00
3523,1,,"09649205","2018-03-27 00:00:00",Completed,312000.00
3524,1,,"09649205","2023-09-20 00:00:00",Completed,660330.00
3525,1,,"09649205","2024-05-11 00:00:00",Completed,274910.00
3526,1,,"09649205","2018-09-29 00:00:00",Completed,33290.00
3527,1,,"09649205","2019-08-17 00:00:00",Completed,318000.00
3528,1,,"09649205","2022-03-29 00:00:00",Completed,134590.00
3529,1,,"09649205","2021-09-11 00:00:00",Completed,85540.00
3530,1,,"09649205","2020-08-10 00:00:00",Completed,208590.00
3531,1,,"09649205","2020-03-26 00:00:00",Completed,19220.00
3532,1,,"09649205","2024-07-10 00:00:00",Completed,25730.00
3533,1,,"09649205","2020-12-16 00:00:00",Completed,1155060.00
3534,1,,"09649205","2021-09-20 00:00:00",Completed,11680.00
3535,1,,"09649205","2024-03-10 00:00:00",Completed,100200.00
3536,1,,"09649205","2024-05-30 00:00:00",Completed,644580.00
3537,1,,"09649205","2022-07-01 00:00:00",Completed,63050.00
3538,1,,"09649205","2023-01-10 00:00:00",Completed,57120.00
3539,1,,"09649205","2018-04-04 00:00:00",Completed,32400.00
3540,1,,"09649205","2020-08-14 00:00:00",Completed,353630.00
3541,1,,"09649205","2024-10-20 00:00:00",Completed,3209430.00
3542,1,,"09649205","2020-12-02 00:00:00",Completed,263520.00
3543,1,,"09649205","2022-11-20 00:00:00",Completed,1856930.00
3544,1,,"09649205","2018-02-21 00:00:00",Completed,48960.00
3545,1,,"09649205","2023-03-13 00:00:00",Completed,2329650.00
3546,1,,"09649205","2020-11-25 00:00:00",Completed,271150.00
3547,1,,"09649205","2025-06-20 00:00:00",Completed,174720.00
3548,1,,"09649205","2024-12-17 00:00:00",Completed,30400.00
3549,1,,"09649205","2023-07-05 00:00:00",Completed,58090.00
3550,1,,"09649205","2020-04-24 00:00:00",Completed,137100.00
3551,1,,"09649205","2024-02-26 00:00:00",Completed,84000.00
3552,1,,"09649205","2019-04-04 00:00:00",Completed,213400.00
3553,1,,"09649205","2023-09-24 00:00:00",Completed,177850.00
3554,1,,"09649205","2018-05-06 00:00:00",Completed,45570.00
3555,1,,"09649205","2023-10-30 00:00:00",Completed,18330.00
3556,1,,"09649205","2020-03-01 00:00:00",Completed,405840.00
3557,1,,"09649205","2019-06-19 00:00:00",Completed,5796000.00
3558,1,,"09649205","2020-06-22 00:00:00",Completed,160900.00
3559,1,,"09649205","2018-07-04 00:00:00",Completed,782500.00
3560,1,,"09649205","2023-08-23 00:00:00",Completed,31200.00
3561,1,,"09649205","2019-12-12 00:00:00",Completed,20660.00
3562,1,,"09649205","2024-12-09 00:00:00",Completed,62800.00
3563,1,,"09649205","2023-04-03 00:00:00",Completed,3000.00
3564,1,,"09649205","2025-06-13 00:00:00",Completed,43200.00
3565,1,,"09649205","2021-06-21 00:00:00",Completed,1189190.00
3566,1,,"09649205","2023-09-17 00:00:00",Completed,149800.00
3567,1,,"09649205","2019-02-02 00:00:00",Completed,2900.00
3568,1,,"09649205","2023-10-23 00:00:00",Completed,102340.00
3569,1,,"09649205","2020-07-06 00:00:00",Completed,23330.00
3570,1,,"09649205","2025-02-25 00:00:00",Completed,2115000.00
3571,1,,"09649205","2024-03-14 00:00:00",Completed,800.00
3572,1,,"09649205","2023-09-28 00:00:00",Completed,779060.00
3573,1,,"09649205","2018-06-09 00:00:00",Completed,91200.00
3574,1,,"09649205","2024-10-26 00:00:00",Completed,45600.00
3575,1,,"09649205","2021-06-16 00:00:00",Completed,3624900.00
3576,1,,"09649205","2020-05-03 00:00:00",Completed,653490.00
3577,1,,"09649205","2020-04-21 00:00:00",Completed,500980.00
3578,1,,"09649205","2019-07-09 00:00:00",Completed,8902400.00
3579,1,,"09649205","2022-03-11 00:00:00",Completed,47200.00
3580,1,,"09714932","2021-03-02 00:00:00",Completed,113160.00
3581,1,,"09714932","2021-08-08 00:00:00",Completed,1200.00
3582,1,,"09714932","2018-08-22 00:00:00",Completed,294000.00
3583,1,,"09714932","2022-11-02 00:00:00",Completed,525310.00
3584,1,,"09714932","2023-08-08 00:00:00",Completed,340760.00
3585,1,,"09714932","2021-01-13 00:00:00",Completed,41550.00
3586,1,,"09714932","2020-10-09 00:00:00",Completed,300.00
3587,1,,"09714932","2019-05-07 00:00:00",Completed,181200.00
3588,1,,"09714932","2025-07-13 00:00:00",Completed,514080.00
3589,1,,"09714932","2021-06-01 00:00:00",Completed,74800.00
3590,1,,"09714932","2021-02-27 00:00:00",Completed,1381050.00
3591,1,,"09714932","2024-04-21 00:00:00",Completed,464940.00
3592,1,,"09714932","2022-05-17 00:00:00",Completed,64500.00
3593,1,,"09714932","2025-02-05 00:00:00",Completed,22700.00
3594,1,,"09714932","2022-01-24 00:00:00",Completed,13500.00
3595,1,,"09714932","2022-06-05 00:00:00",Completed,1140050.00
3596,1,,"09714932","2020-03-25 00:00:00",Completed,13500.00
3597,1,,"09714932","2021-12-23 00:00:00",Completed,3244720.00
3598,1,,"09714932","2023-01-04 00:00:00",Completed,621000.00
3599,1,,"09714932","2025-06-04 00:00:00",Completed,223600.00
3600,1,,"09714932","2024-01-15 00:00:00",Completed,80100.00
3601,1,,"09714932","2019-12-07 00:00:00",Completed,3979400.00
3602,1,,"09714932","2023-07-31 00:00:00",Completed,6900.00
3603,1,,"09714932","2019-01-02 00:00:00",Completed,21200.00
3604,1,,"09714932","2020-04-02 00:00:00",Completed,843650.00
3605,1,,"09714932","2025-05-22 00:00:00",Completed,45720.00
3606,1,,"09714932","2025-06-18 00:00:00",Completed,694510.00
3607,1,,"09714932","2023-03-23 00:00:00",Completed,620730.00
3608,1,,"09714932","2025-02-17 00:00:00",Completed,31600.00
3609,1,,"09714932","2022-03-06 00:00:00",Completed,35600.00
3610,1,,"09714932","2021-08-29 00:00:00",Completed,320400.00
3611,1,,"09714932","2018-05-29 00:00:00",Completed,13230.00
3612,1,,"09714932","2024-12-25 00:00:00",Completed,1415420.00
3613,1,,"09714932","2019-10-22 00:00:00",Completed,45400.00
3614,1,,"09714932","2021-03-14 00:00:00",Completed,33820.00
3615,1,,"09714932","2018-09-08 00:00:00",Completed,51060.00
3616,1,,"09714932","2023-04-26 00:00:00",Completed,169340.00
3617,1,,"09714932","2021-03-27 00:00:00",Completed,1064300.00
3618,1,,"09714932","2022-11-23 00:00:00",Completed,34400.00
3619,1,,"09714932","2024-03-06 00:00:00",Completed,251160.00
3620,1,,"09714932","2025-05-06 00:00:00",Completed,9800.00
3621,1,,"09714932","2025-06-24 00:00:00",Completed,43500.00
3622,1,,"09714932","2023-05-06 00:00:00",Completed,145530.00
3623,1,,"09714932","2018-05-24 00:00:00",Completed,2800.00
3624,1,,"09714932","2023-01-25 00:00:00",Completed,156520.00
3625,1,,"09714932","2022-08-03 00:00:00",Completed,242000.00
3626,1,,"09714932","2020-02-07 00:00:00",Completed,2193600.00
3627,1,,"09714932","2019-09-29 00:00:00",Completed,50160.00
3628,1,,"09714932","2021-04-02 00:00:00",Completed,989600.00
3629,1,,"09714932","2019-09-25 00:00:00",Completed,62980.00
3630,1,,"09714932","2021-01-10 00:00:00",Completed,1546520.00
3631,1,,"09714932","2022-07-30 00:00:00",Completed,23800.00
3632,1,,"09714932","2018-02-09 00:00:00",Completed,730710.00
3633,1,,"09714932","2023-08-25 00:00:00",Completed,25730.00
3634,1,,"09714932","2023-04-02 00:00:00",Completed,429200.00
3635,1,,"09714932","2023-04-25 00:00:00",Completed,45860.00
3636,1,,"09714932","2018-11-19 00:00:00",Completed,1012000.00
3637,1,,"09714932","2021-07-27 00:00:00",Completed,543780.00
3638,1,,"09714932","2018-05-19 00:00:00",Completed,924220.00
3639,1,,"09714932","2019-11-12 00:00:00",Completed,13910.00
3640,1,,"09714932","2025-06-27 00:00:00",Completed,7200.00
3641,1,,"09714932","2022-05-09 00:00:00",Completed,67950.00
3642,1,,"09714932","2023-06-24 00:00:00",Completed,650650.00
3643,1,,"09714932","2020-10-31 00:00:00",Completed,27000.00
3644,1,,"09714932","2021-10-23 00:00:00",Completed,40700.00
3645,1,,"09714932","2021-04-29 00:00:00",Completed,37830.00
3646,1,,"09714932","2022-10-26 00:00:00",Completed,11020.00
3647,1,,"09714932","2021-03-13 00:00:00",Completed,450580.00
3648,1,,"09714932","2023-11-17 00:00:00",Completed,1592930.00
3649,1,,"09714932","2023-08-31 00:00:00",Completed,42580.00
3650,1,,"09714932","2022-12-08 00:00:00",Completed,19800.00
3651,1,,"09714932","2022-10-28 00:00:00",Completed,18600.00
3652,1,,"09714932","2024-04-02 00:00:00",Completed,22540.00
3653,1,,"09714932","2025-07-25 00:00:00",Completed,540100.00
3654,1,,"09766863","2024-04-22 00:00:00",Completed,166100.00
3655,1,,"09766863","2024-04-18 00:00:00",Completed,3525000.00
3656,1,,"09766863","2025-04-05 00:00:00",Completed,1700.00
3657,1,,"09766863","2018-12-28 00:00:00",Completed,38980.00
3658,1,,"09766863","2021-09-11 00:00:00",Completed,237500.00
3659,1,,"09766863","2018-03-18 00:00:00",Completed,43490.00
3660,1,,"09766863","2018-03-13 00:00:00",Completed,23940.00
3661,1,,"09766863","2021-09-14 00:00:00",Completed,1694600.00
3662,1,,"09766863","2023-03-11 00:00:00",Completed,15300.00
3663,1,,"09766863","2020-08-16 00:00:00",Completed,4280.00
3664,1,,"09766863","2022-03-25 00:00:00",Completed,6860.00
3665,1,,"09766863","2021-03-15 00:00:00",Completed,34000.00
3666,1,,"09766863","2018-04-17 00:00:00",Completed,11810.00
3667,1,,"09766863","2020-08-09 00:00:00",Completed,3587060.00
3668,1,,"09766863","2018-03-16 00:00:00",Completed,323000.00
3669,1,,"09766863","2021-09-24 00:00:00",Completed,6783900.00
3670,1,,"09766863","2021-09-22 00:00:00",Completed,1419780.00
3671,1,,"09766863","2018-09-06 00:00:00",Completed,1192120.00
3672,1,,"09766863","2019-01-07 00:00:00",Completed,1300.00
3673,1,,"09766863","2019-02-16 00:00:00",Completed,38500.00
3674,1,,"09766863","2022-10-24 00:00:00",Completed,4144140.00
3675,1,,"09766863","2021-10-20 00:00:00",Completed,270280.00
3676,1,,"09766863","2021-05-30 00:00:00",Completed,1002460.00
3677,1,,"09766863","2018-05-19 00:00:00",Completed,15500.00
3678,1,,"09766863","2022-10-02 00:00:00",Completed,70800.00
3679,1,,"09766863","2023-06-08 00:00:00",Completed,2272000.00
3680,1,,"09766863","2024-04-09 00:00:00",Completed,167200.00
3681,1,,"09766863","2018-08-30 00:00:00",Completed,79490.00
3682,1,,"09766863","2019-10-31 00:00:00",Completed,200000.00
3683,1,,"09766863","2018-08-16 00:00:00",Completed,1756940.00
3684,1,,"09766863","2025-07-15 00:00:00",Completed,9424800.00
3685,1,,"09766863","2022-03-29 00:00:00",Completed,1535600.00
3686,1,,"09766863","2022-08-02 00:00:00",Completed,241290.00
3687,1,,"09766863","2018-04-27 00:00:00",Completed,349700.00
3688,1,,"09766863","2018-12-09 00:00:00",Completed,504900.00
3689,1,,"09766863","2023-07-13 00:00:00",Completed,151300.00
3690,1,,"09766863","2024-02-16 00:00:00",Completed,54720.00
3691,1,,"09766863","2021-03-06 00:00:00",Completed,54870.00
3692,1,,"09766863","2022-08-13 00:00:00",Completed,345030.00
3693,1,,"09766863","2020-10-30 00:00:00",Completed,49700.00
3694,1,,"09766863","2023-09-23 00:00:00",Completed,282000.00
3695,1,,"09766863","2023-04-23 00:00:00",Completed,230670.00
3696,1,,"09766863","2025-07-30 00:00:00",Completed,22700.00
3697,1,,"09766863","2023-11-03 00:00:00",Completed,250800.00
3698,1,,"09766863","2020-09-16 00:00:00",Completed,149380.00
3699,1,,"09766863","2018-11-12 00:00:00",Completed,338800.00
3700,1,,"09766863","2019-06-30 00:00:00",Completed,270000.00
3701,1,,"09766863","2025-05-29 00:00:00",Completed,749700.00
3702,1,,"09766863","2021-01-30 00:00:00",Completed,140250.00
3703,1,,"09766863","2023-01-25 00:00:00",Completed,42630.00
3704,1,,"09766863","2018-05-22 00:00:00",Completed,12500.00
3705,1,,"09766863","2019-12-11 00:00:00",Completed,97470.00
3706,1,,"09766863","2022-02-02 00:00:00",Completed,27260.00
3707,1,,"09766863","2025-04-03 00:00:00",Completed,38380.00
3708,1,,"09766863","2019-07-31 00:00:00",Completed,34400.00
3709,1,,"09766863","2022-12-06 00:00:00",Completed,44700.00
3710,1,,"09766863","2022-02-12 00:00:00",Completed,289800.00
3711,1,,"09766863","2018-09-24 00:00:00",Completed,34800.00
3712,1,,"09766863","2021-03-23 00:00:00",Completed,12700.00
3713,1,,"09766863","2024-01-28 00:00:00",Completed,38100.00
3714,1,,"09766863","2021-08-19 00:00:00",Completed,43680.00
3715,1,,"09766863","2022-07-14 00:00:00",Completed,149340.00
3716,1,,"09766863","2020-06-24 00:00:00",Completed,402940.00
3717,1,,"09766863","2022-02-16 00:00:00",Completed,18800.00
3718,1,,"09766863","2020-04-02 00:00:00",Completed,72270.00
3719,1,,"09766863","2020-04-29 00:00:00",Completed,217540.00
3720,1,,"09766863","2020-05-03 00:00:00",Completed,96720.00
3721,1,,"09766863","2021-08-17 00:00:00",Completed,105000.00
3722,1,,"09766863","2021-08-22 00:00:00",Completed,282150.00
3723,1,,"09766863","2025-03-21 00:00:00",Completed,73600.00
3724,1,,"09766863","2025-06-17 00:00:00",Completed,200.00
3725,1,,"09766863","2018-08-30 00:00:00",Completed,128520.00
3726,1,,"09766863","2024-07-04 00:00:00",Completed,738720.00
3727,1,,"09766863","2018-06-10 00:00:00",Completed,472420.00
3728,1,,"09766863","2021-03-07 00:00:00",Completed,361200.00
3729,1,,"09766863","2023-10-14 00:00:00",Completed,79150.00
3730,1,,"09766863","2019-12-31 00:00:00",Completed,36860.00
3731,1,,"09766863","2020-04-29 00:00:00",Completed,8963500.00
3732,1,,"09766863","2023-03-17 00:00:00",Completed,2596750.00
3733,1,,"09766863","2023-01-18 00:00:00",Completed,200.00
3734,1,,"09766863","2024-08-23 00:00:00",Completed,388040.00
3735,1,,"09766863","2025-04-12 00:00:00",Completed,355200.00
3736,1,,"09766863","2023-09-26 00:00:00",Completed,8038400.00
3737,1,,"09766863","2019-07-16 00:00:00",Completed,1178000.00
3738,1,,"09766863","2020-05-24 00:00:00",Completed,36540.00
3739,1,,"09766863","2021-09-23 00:00:00",Completed,58330.00
3740,1,,"09766863","2018-04-04 00:00:00",Completed,400.00
3741,1,,"09766863","2022-08-25 00:00:00",Completed,904800.00
3742,1,,"09766863","2025-01-31 00:00:00",Completed,297790.00
3743,1,,"09766863","2021-11-13 00:00:00",Completed,6237000.00
3744,1,,"09766863","2020-10-02 00:00:00",Completed,956660.00
3745,1,,"09766863","2023-11-05 00:00:00",Completed,1711660.00
3746,1,,"10066000","2018-04-06 00:00:00",Completed,36860.00
3747,1,,"10066000","2023-10-12 00:00:00",Completed,254800.00
3748,1,,"10066000","2018-01-19 00:00:00",Completed,1133920.00
3749,1,,"10066000","2022-06-12 00:00:00",Completed,423220.00
3750,1,,"10066000","2019-07-30 00:00:00",Completed,51400.00
3751,1,,"10066000","2023-05-28 00:00:00",Completed,17640.00
3752,1,,"10066000","2022-10-05 00:00:00",Completed,110150.00
3753,1,,"10066000","2019-05-30 00:00:00",Completed,157600.00
3754,1,,"10066000","2018-09-02 00:00:00",Completed,68900.00
3755,1,,"10066000","2022-02-20 00:00:00",Completed,42700.00
3756,1,,"10066000","2022-04-18 00:00:00",Completed,40700.00
3757,1,,"10066000","2018-10-27 00:00:00",Completed,1516800.00
3758,1,,"10066000","2025-02-03 00:00:00",Completed,800.00
3759,1,,"10066000","2021-05-08 00:00:00",Completed,1342700.00
3760,1,,"10066000","2019-04-13 00:00:00",Completed,140730.00
3761,1,,"10066000","2018-07-04 00:00:00",Completed,272400.00
3762,1,,"10066000","2019-12-02 00:00:00",Completed,1054480.00
3763,1,,"10066000","2025-03-05 00:00:00",Completed,21170.00
3764,1,,"10066000","2019-11-17 00:00:00",Completed,43550.00
3765,1,,"10066000","2018-01-22 00:00:00",Completed,61600.00
3766,1,,"10066000","2018-10-08 00:00:00",Completed,1550360.00
3767,1,,"10066000","2023-08-02 00:00:00",Completed,1900.00
3768,1,,"10066000","2021-01-16 00:00:00",Completed,218400.00
3769,1,,"10066000","2024-06-19 00:00:00",Completed,409200.00
3770,1,,"10066000","2019-10-01 00:00:00",Completed,243000.00
3771,1,,"10066000","2022-10-05 00:00:00",Completed,74820.00
3772,1,,"10066000","2022-08-18 00:00:00",Completed,42600.00
3773,1,,"10066000","2021-11-08 00:00:00",Completed,145080.00
3774,1,,"10066000","2024-11-05 00:00:00",Completed,276770.00
3775,1,,"10066000","2023-08-06 00:00:00",Completed,9400.00
3776,1,,"10066000","2024-09-15 00:00:00",Completed,20790.00
3777,1,,"10066000","2023-08-27 00:00:00",Completed,3578730.00
3778,1,,"10066000","2022-07-20 00:00:00",Completed,83710.00
3779,1,,"10066000","2024-10-21 00:00:00",Completed,1882370.00
3780,1,,"10066000","2024-08-04 00:00:00",Completed,30790.00
3781,1,,"10066000","2021-04-16 00:00:00",Completed,582580.00
3782,1,,"10066000","2021-08-09 00:00:00",Completed,30900.00
3783,1,,"10066000","2024-10-27 00:00:00",Completed,70000.00
3784,1,,"10066000","2022-08-19 00:00:00",Completed,831100.00
3785,1,,"10066000","2022-05-07 00:00:00",Completed,100.00
3786,1,,"10066000","2021-01-31 00:00:00",Completed,204800.00
3787,1,,"10066000","2018-06-12 00:00:00",Completed,2800.00
3788,1,,"10066000","2023-07-27 00:00:00",Completed,137410.00
3789,1,,"10066000","2023-10-26 00:00:00",Completed,199100.00
3790,1,,"10066000","2022-03-06 00:00:00",Completed,36470.00
3791,1,,"10066000","2021-06-23 00:00:00",Completed,8130550.00
3792,1,,"10066000","2023-01-09 00:00:00",Completed,103200.00
3793,1,,"10066000","2024-12-05 00:00:00",Completed,5630.00
3794,1,,"10066000","2020-03-17 00:00:00",Completed,65400.00
3795,1,,"10066000","2021-12-27 00:00:00",Completed,207480.00
3796,1,,"10066000","2023-11-27 00:00:00",Completed,270600.00
3797,1,,"10066000","2018-10-26 00:00:00",Completed,43120.00
3798,1,,"10066000","2019-06-24 00:00:00",Completed,46300.00
3799,1,,"10066000","2024-01-14 00:00:00",Completed,772500.00
3800,1,,"10066000","2020-11-25 00:00:00",Completed,24000.00
3801,1,,"10066000","2018-04-08 00:00:00",Completed,79730.00
3802,1,,"10066000","2022-04-05 00:00:00",Completed,56250.00
3803,1,,"10066000","2024-12-28 00:00:00",Completed,759000.00
3804,1,,"10066000","2018-12-20 00:00:00",Completed,70800.00
3805,1,,"10066000","2018-07-31 00:00:00",Completed,63700.00
3806,1,,"10066000","2022-01-28 00:00:00",Completed,83030.00
3807,1,,"10066000","2021-04-07 00:00:00",Completed,2718600.00
3808,1,,"10066000","2023-08-25 00:00:00",Completed,22080.00
3809,1,,"10066000","2021-04-22 00:00:00",Completed,791800.00
3810,1,,"10066000","2020-11-02 00:00:00",Completed,216000.00
3811,1,,"10066000","2023-11-23 00:00:00",Completed,41980.00
3812,1,,"10066000","2018-05-12 00:00:00",Completed,319920.00
3813,1,,"10066000","2018-09-23 00:00:00",Completed,190400.00
3814,1,,"10066000","2019-11-23 00:00:00",Completed,38980.00
3815,1,,"10066000","2019-07-10 00:00:00",Completed,12050.00
3816,1,,"10066000","2024-07-05 00:00:00",Completed,455000.00
3817,1,,"10066000","2023-04-18 00:00:00",Completed,51610.00
3818,1,,"10066000","2023-08-05 00:00:00",Completed,810000.00
3819,1,,"10066000","2019-06-22 00:00:00",Completed,20490.00
3820,1,,"10066000","2025-03-26 00:00:00",Completed,794870.00
3821,1,,"10066000","2018-08-13 00:00:00",Completed,505400.00
3822,1,,"10066000","2021-12-28 00:00:00",Completed,48000.00
3823,1,,"10066000","2024-04-12 00:00:00",Completed,785180.00
3824,1,,"10066000","2018-12-09 00:00:00",Completed,100.00
3825,1,,"10066000","2020-09-04 00:00:00",Completed,232800.00
3826,1,,"10066000","2018-07-21 00:00:00",Completed,15460.00
3827,1,,"10066000","2020-05-08 00:00:00",Completed,47330.00
3828,1,,"10263726","2025-06-27 00:00:00",Completed,3800.00
3829,1,,"10263726","2020-08-19 00:00:00",Completed,68390.00
3830,1,,"10263726","2018-08-17 00:00:00",Completed,18610.00
3831,1,,"10263726","2020-06-02 00:00:00",Completed,3801240.00
3832,1,,"10263726","2018-02-20 00:00:00",Completed,42970.00
3833,1,,"10263726","2018-01-17 00:00:00",Completed,38950.00
3834,1,,"10263726","2022-06-15 00:00:00",Completed,8639520.00
3835,1,,"10263726","2023-01-22 00:00:00",Completed,567170.00
3836,1,,"10263726","2025-03-31 00:00:00",Completed,27940.00
3837,1,,"10263726","2024-09-21 00:00:00",Completed,1383200.00
3838,1,,"10263726","2025-02-13 00:00:00",Completed,911400.00
3839,1,,"10263726","2021-01-18 00:00:00",Completed,1004700.00
3840,1,,"10263726","2021-10-29 00:00:00",Completed,1233230.00
3841,1,,"10263726","2020-06-22 00:00:00",Completed,17900.00
3842,1,,"10263726","2020-09-13 00:00:00",Completed,7400.00
3843,1,,"10263726","2020-05-04 00:00:00",Completed,810900.00
3844,1,,"10263726","2020-10-27 00:00:00",Completed,1660230.00
3845,1,,"10263726","2020-05-09 00:00:00",Completed,23720.00
3846,1,,"10263726","2020-06-26 00:00:00",Completed,33200.00
3847,1,,"10263726","2020-08-31 00:00:00",Completed,43970.00
3848,1,,"10263726","2020-04-15 00:00:00",Completed,700.00
3849,1,,"10263726","2023-09-08 00:00:00",Completed,1069420.00
3850,1,,"10263726","2020-03-12 00:00:00",Completed,34290.00
3851,1,,"10263726","2022-03-11 00:00:00",Completed,254880.00
3852,1,,"10263726","2023-06-16 00:00:00",Completed,14650.00
3853,1,,"10263726","2021-11-24 00:00:00",Completed,99070.00
3854,1,,"10263726","2021-05-07 00:00:00",Completed,21940.00
3855,1,,"10263726","2023-06-01 00:00:00",Completed,47600.00
3856,1,,"10263726","2024-03-29 00:00:00",Completed,738750.00
3857,1,,"10263726","2023-09-03 00:00:00",Completed,64880.00
3858,1,,"10263726","2022-10-18 00:00:00",Completed,40000.00
3859,1,,"10263726","2022-08-07 00:00:00",Completed,1921580.00
3860,1,,"10263726","2020-05-26 00:00:00",Completed,1109600.00
3861,1,,"10263726","2024-07-28 00:00:00",Completed,31300.00
3862,1,,"10263726","2018-03-09 00:00:00",Completed,96490.00
3863,1,,"10263726","2018-10-30 00:00:00",Completed,1676400.00
3864,1,,"10263726","2021-04-25 00:00:00",Completed,228800.00
3865,1,,"10263726","2018-07-12 00:00:00",Completed,531100.00
3866,1,,"10263726","2018-02-13 00:00:00",Completed,6938400.00
3867,1,,"10263726","2020-10-05 00:00:00",Completed,263720.00
3868,1,,"10263726","2021-09-24 00:00:00",Completed,1222450.00
3869,1,,"10263726","2020-11-26 00:00:00",Completed,240000.00
3870,1,,"10263726","2023-07-27 00:00:00",Completed,183840.00
3871,1,,"10263726","2024-06-01 00:00:00",Completed,39400.00
3872,1,,"10263726","2021-05-06 00:00:00",Completed,471410.00
3873,1,,"10263726","2023-12-09 00:00:00",Completed,123600.00
3874,1,,"10263726","2023-09-23 00:00:00",Completed,3903740.00
3875,1,,"10263726","2024-02-07 00:00:00",Completed,297600.00
3876,1,,"10263726","2023-06-08 00:00:00",Completed,34780.00
3877,1,,"10263726","2023-12-24 00:00:00",Completed,38760.00
3878,1,,"10263726","2019-11-27 00:00:00",Completed,4280.00
3879,1,,"10263726","2018-11-27 00:00:00",Completed,9625790.00
3880,1,,"10263726","2018-06-01 00:00:00",Completed,74780.00
3881,1,,"10263726","2020-12-01 00:00:00",Completed,700.00
3882,1,,"10263726","2021-12-04 00:00:00",Completed,35200.00
3883,1,,"10263726","2018-09-22 00:00:00",Completed,221160.00
3884,1,,"10263726","2021-10-02 00:00:00",Completed,400.00
3885,1,,"10263726","2020-09-17 00:00:00",Completed,52800.00
3886,1,,"10263726","2022-10-16 00:00:00",Completed,806210.00
3887,1,,"10263726","2023-11-15 00:00:00",Completed,34660.00
3888,1,,"10263726","2018-04-22 00:00:00",Completed,71400.00
3889,1,,"10263726","2023-06-21 00:00:00",Completed,63300.00
3890,1,,"10263726","2019-12-25 00:00:00",Completed,2500.00
3891,1,,"10263726","2018-10-19 00:00:00",Completed,781450.00
3892,1,,"10263726","2023-03-17 00:00:00",Completed,130470.00
3893,1,,"10263726","2020-08-24 00:00:00",Completed,720720.00
3894,1,,"10263726","2024-04-03 00:00:00",Completed,192600.00
3895,1,,"10263726","2024-02-28 00:00:00",Completed,206300.00
3896,1,,"10263726","2022-09-05 00:00:00",Completed,93000.00
3897,1,,"10263726","2024-09-07 00:00:00",Completed,2329320.00
3898,1,,"10263726","2018-04-17 00:00:00",Completed,66260.00
3899,1,,"10263726","2022-08-02 00:00:00",Completed,175800.00
3900,1,,"10263726","2023-08-21 00:00:00",Completed,818240.00
3901,1,,"10263726","2020-02-25 00:00:00",Completed,406300.00
3902,1,,"10263726","2018-01-14 00:00:00",Completed,500.00
3903,1,,"10263726","2019-02-02 00:00:00",Completed,16500.00
3904,1,,"10263726","2024-07-13 00:00:00",Completed,521830.00
3905,1,,"10263726","2025-03-04 00:00:00",Completed,1484000.00
3906,1,,"10263726","2021-09-26 00:00:00",Completed,34300.00
3907,1,,"10263726","2021-09-30 00:00:00",Completed,2007260.00
3908,1,,"10263726","2019-03-03 00:00:00",Completed,34600.00
3909,1,,"10263726","2023-05-22 00:00:00",Completed,711170.00
3910,1,,"10263726","2024-03-18 00:00:00",Completed,33900.00
3911,1,,"10263726","2022-01-13 00:00:00",Completed,14745600.00
3912,1,,"10263726","2022-06-23 00:00:00",Completed,10560.00
3913,1,,"10263726","2019-10-24 00:00:00",Completed,40200.00
3914,1,,"10263726","2021-08-26 00:00:00",Completed,221400.00
3915,1,,"10263726","2018-10-20 00:00:00",Completed,1362170.00
3916,1,,"10263726","2020-01-11 00:00:00",Completed,21440.00
3917,1,,"10263726","2022-09-05 00:00:00",Completed,108380.00
3918,1,,"10263726","2020-03-05 00:00:00",Completed,207000.00
3919,1,,"10263726","2022-08-17 00:00:00",Completed,13400.00
3920,1,,"10263726","2020-03-14 00:00:00",Completed,201960.00
3921,1,,"10263726","2021-03-11 00:00:00",Completed,272450.00
3922,1,,"10263726","2018-03-03 00:00:00",Completed,9500.00
3923,1,,"10263726","2025-06-14 00:00:00",Completed,200.00
3924,1,,"10263726","2018-12-10 00:00:00",Completed,64480.00
3925,1,,"10263726","2021-12-10 00:00:00",Completed,323000.00
3926,1,,"10525997","2020-01-03 00:00:00",Completed,25920.00
3927,1,,"10525997","2019-11-17 00:00:00",Completed,108160.00
3928,1,,"10525997","2024-12-31 00:00:00",Completed,498750.00
3929,1,,"10525997","2024-10-18 00:00:00",Completed,254020.00
3930,1,,"10525997","2024-06-16 00:00:00",Completed,42820.00
3931,1,,"10525997","2024-03-17 00:00:00",Completed,7100.00
3932,1,,"10525997","2019-02-09 00:00:00",Completed,26300.00
3933,1,,"10525997","2023-04-12 00:00:00",Completed,582000.00
3934,1,,"10525997","2021-09-23 00:00:00",Completed,6100.00
3935,1,,"10525997","2019-10-18 00:00:00",Completed,600.00
3936,1,,"10525997","2023-08-13 00:00:00",Completed,44260.00
3937,1,,"10525997","2021-11-12 00:00:00",Completed,242000.00
3938,1,,"10525997","2025-03-27 00:00:00",Completed,92020.00
3939,1,,"10525997","2018-01-12 00:00:00",Completed,21200.00
3940,1,,"10525997","2020-10-14 00:00:00",Completed,176800.00
3941,1,,"10525997","2019-09-29 00:00:00",Completed,46460.00
3942,1,,"10525997","2022-06-30 00:00:00",Completed,30780.00
3943,1,,"10525997","2019-01-08 00:00:00",Completed,59200.00
3944,1,,"10525997","2022-07-30 00:00:00",Completed,35440.00
3945,1,,"10525997","2018-08-06 00:00:00",Completed,23320.00
3946,1,,"10525997","2018-06-02 00:00:00",Completed,34500.00
3947,1,,"10525997","2019-12-07 00:00:00",Completed,1422900.00
3948,1,,"10525997","2020-10-14 00:00:00",Completed,296010.00
3949,1,,"10525997","2019-06-05 00:00:00",Completed,335100.00
3950,1,,"10525997","2023-02-28 00:00:00",Completed,29810.00
3951,1,,"10525997","2020-01-26 00:00:00",Completed,2797410.00
3952,1,,"10525997","2019-11-16 00:00:00",Completed,22340.00
3953,1,,"10525997","2024-05-02 00:00:00",Completed,125970.00
3954,1,,"10525997","2018-02-27 00:00:00",Completed,2700.00
3955,1,,"10525997","2020-01-22 00:00:00",Completed,12050.00
3956,1,,"10525997","2023-09-01 00:00:00",Completed,1306030.00
3957,1,,"10525997","2023-08-02 00:00:00",Completed,785900.00
3958,1,,"10525997","2019-10-24 00:00:00",Completed,33500.00
3959,1,,"10525997","2019-08-30 00:00:00",Completed,72960.00
3960,1,,"10525997","2018-08-28 00:00:00",Completed,22410.00
3961,1,,"10525997","2023-08-31 00:00:00",Completed,1312000.00
3962,1,,"10525997","2018-11-24 00:00:00",Completed,30000.00
3963,1,,"10525997","2025-02-27 00:00:00",Completed,85200.00
3964,1,,"10525997","2018-02-02 00:00:00",Completed,70960.00
3965,1,,"10525997","2020-09-10 00:00:00",Completed,712400.00
3966,1,,"10525997","2020-10-26 00:00:00",Completed,87110.00
3967,1,,"10525997","2021-07-19 00:00:00",Completed,25600.00
3968,1,,"10525997","2018-12-03 00:00:00",Completed,116800.00
3969,1,,"10525997","2021-10-17 00:00:00",Completed,438000.00
3970,1,,"10525997","2021-07-23 00:00:00",Completed,9800.00
3971,1,,"10525997","2019-07-19 00:00:00",Completed,824320.00
3972,1,,"10525997","2018-09-29 00:00:00",Completed,6400.00
3973,1,,"10525997","2021-05-27 00:00:00",Completed,223780.00
3974,1,,"10525997","2022-06-13 00:00:00",Completed,17470.00
3975,1,,"10525997","2021-10-05 00:00:00",Completed,2568780.00
3976,1,,"10525997","2023-10-11 00:00:00",Completed,8100.00
3977,1,,"10525997","2021-12-19 00:00:00",Completed,338580.00
3978,1,,"10525997","2018-06-25 00:00:00",Completed,2557800.00
3979,1,,"10525997","2021-07-24 00:00:00",Completed,13660.00
3980,1,,"10525997","2019-01-16 00:00:00",Completed,80990.00
3981,1,,"10525997","2018-01-05 00:00:00",Completed,545380.00
3982,1,,"10525997","2023-02-04 00:00:00",Completed,8500.00
3983,1,,"10525997","2019-02-24 00:00:00",Completed,365900.00
3984,1,,"10525997","2022-12-22 00:00:00",Completed,1112830.00
3985,1,,"10525997","2022-02-02 00:00:00",Completed,247660.00
3986,1,,"10525997","2020-03-08 00:00:00",Completed,23000.00
3987,1,,"10525997","2018-10-10 00:00:00",Completed,24770.00
3988,1,,"10525997","2021-01-01 00:00:00",Completed,29010.00
3989,1,,"10525997","2019-04-13 00:00:00",Completed,270070.00
3990,1,,"10525997","2021-11-05 00:00:00",Completed,448800.00
3991,1,,"10525997","2019-02-04 00:00:00",Completed,32700.00
3992,1,,"10525997","2022-07-15 00:00:00",Completed,29800.00
3993,1,,"10525997","2021-05-21 00:00:00",Completed,84740.00
3994,1,,"10525997","2018-02-10 00:00:00",Completed,28120.00
3995,1,,"10525997","2022-05-14 00:00:00",Completed,4000.00
3996,1,,"10525997","2022-05-13 00:00:00",Completed,378100.00
3997,1,,"10525997","2018-07-23 00:00:00",Completed,39900.00
3998,1,,"10525997","2020-04-18 00:00:00",Completed,240000.00
3999,1,,"10525997","2021-02-28 00:00:00",Completed,356380.00
4000,1,,"10525997","2019-12-16 00:00:00",Completed,162290.00
4001,1,,"10525997","2018-06-23 00:00:00",Completed,499500.00
4002,1,,"10525997","2021-10-09 00:00:00",Completed,3700.00
4003,1,,"10525997","2024-01-19 00:00:00",Completed,1226060.00
4004,1,,"10525997","2025-02-01 00:00:00",Completed,20500.00
4005,1,,"10525997","2020-10-27 00:00:00",Completed,90240.00
4006,1,,"10525997","2024-08-12 00:00:00",Completed,400900.00
4007,1,,"10525997","2018-03-18 00:00:00",Completed,15390.00
4008,1,,"10525997","2018-12-19 00:00:00",Completed,147440.00
4009,1,,"10525997","2018-06-02 00:00:00",Completed,16360.00
4010,1,,"10733311","2019-11-29 00:00:00",Completed,15390.00
4011,1,,"10733311","2018-07-18 00:00:00",Completed,44200.00
4012,1,,"10733311","2024-05-29 00:00:00",Completed,51030.00
4013,1,,"10733311","2024-11-04 00:00:00",Completed,33560.00
4014,1,,"10733311","2021-10-03 00:00:00",Completed,1500.00
4015,1,,"10733311","2022-10-01 00:00:00",Completed,177600.00
4016,1,,"10733311","2018-12-26 00:00:00",Completed,185850.00
4017,1,,"10733311","2020-07-04 00:00:00",Completed,1170000.00
4018,1,,"10733311","2024-11-26 00:00:00",Completed,200.00
4019,1,,"10733311","2021-05-14 00:00:00",Completed,375300.00
4020,1,,"10733311","2019-05-19 00:00:00",Completed,45720.00
4021,1,,"10733311","2018-02-20 00:00:00",Completed,546100.00
4022,1,,"10733311","2021-12-03 00:00:00",Completed,182710.00
4023,1,,"10733311","2025-04-04 00:00:00",Completed,3829300.00
4024,1,,"10733311","2022-12-28 00:00:00",Completed,41700.00
4025,1,,"10733311","2022-04-01 00:00:00",Completed,44100.00
4026,1,,"10733311","2022-02-22 00:00:00",Completed,19500.00
4027,1,,"10733311","2019-12-09 00:00:00",Completed,485390.00
4028,1,,"10733311","2022-01-18 00:00:00",Completed,185200.00
4029,1,,"10733311","2018-01-09 00:00:00",Completed,11320.00
4030,1,,"10733311","2025-02-08 00:00:00",Completed,64800.00
4031,1,,"10733311","2023-05-09 00:00:00",Completed,1021590.00
4032,1,,"10733311","2019-10-12 00:00:00",Completed,921980.00
4033,1,,"10733311","2024-05-25 00:00:00",Completed,279280.00
4034,1,,"10733311","2019-09-15 00:00:00",Completed,592200.00
4035,1,,"10733311","2021-08-07 00:00:00",Completed,513710.00
4036,1,,"10733311","2024-09-13 00:00:00",Completed,40600.00
4037,1,,"10733311","2021-10-02 00:00:00",Completed,106930.00
4038,1,,"10733311","2023-06-18 00:00:00",Completed,485360.00
4039,1,,"10733311","2018-10-08 00:00:00",Completed,907200.00
4040,1,,"10733311","2018-09-10 00:00:00",Completed,559780.00
4041,1,,"10733311","2020-09-15 00:00:00",Completed,246430.00
4042,1,,"10733311","2023-02-11 00:00:00",Completed,487200.00
4043,1,,"10733311","2021-01-31 00:00:00",Completed,632100.00
4044,1,,"10733311","2022-08-09 00:00:00",Completed,18191710.00
4045,1,,"10733311","2021-01-23 00:00:00",Completed,600.00
4046,1,,"10733311","2022-09-21 00:00:00",Completed,187740.00
4047,1,,"10733311","2023-01-05 00:00:00",Completed,410400.00
4048,1,,"10733311","2022-01-08 00:00:00",Completed,7696000.00
4049,1,,"10733311","2019-04-20 00:00:00",Completed,831600.00
4050,1,,"10733311","2024-08-31 00:00:00",Completed,1691330.00
4051,1,,"10733311","2019-03-04 00:00:00",Completed,100.00
4052,1,,"10733311","2025-03-31 00:00:00",Completed,17300.00
4053,1,,"10733311","2020-02-20 00:00:00",Completed,35910.00
4054,1,,"10733311","2021-03-23 00:00:00",Completed,492940.00
4055,1,,"10733311","2021-02-10 00:00:00",Completed,492500.00
4056,1,,"10733311","2020-04-16 00:00:00",Completed,4800.00
4057,1,,"10733311","2021-01-12 00:00:00",Completed,54140.00
4058,1,,"10733311","2021-02-09 00:00:00",Completed,13960.00
4059,1,,"10733311","2018-10-06 00:00:00",Completed,171000.00
4060,1,,"10733311","2025-07-21 00:00:00",Completed,58140.00
4061,1,,"10733311","2019-07-17 00:00:00",Completed,7380.00
4062,1,,"10733311","2023-05-28 00:00:00",Completed,97800.00
4063,1,,"10733311","2018-09-05 00:00:00",Completed,40000.00
4064,1,,"10733311","2019-03-15 00:00:00",Completed,9200.00
4065,1,,"10733311","2022-05-08 00:00:00",Completed,320660.00
4066,1,,"10733311","2019-12-22 00:00:00",Completed,205400.00
4067,1,,"10733311","2021-03-28 00:00:00",Completed,2502530.00
4068,1,,"10733311","2025-02-01 00:00:00",Completed,122200.00
4069,1,,"10733311","2021-03-11 00:00:00",Completed,157440.00
4070,1,,"10733311","2020-04-04 00:00:00",Completed,1191300.00
4071,1,,"10733311","2024-07-13 00:00:00",Completed,1766780.00
4072,1,,"10733311","2024-02-28 00:00:00",Completed,35330.00
4073,1,,"10733311","2018-05-15 00:00:00",Completed,256580.00
4074,1,,"10733311","2024-05-13 00:00:00",Completed,168400.00
4075,1,,"10733311","2020-06-11 00:00:00",Completed,177840.00
4076,1,,"10733311","2022-11-22 00:00:00",Completed,567910.00
4077,1,,"10733311","2023-02-02 00:00:00",Completed,933470.00
4078,1,,"10733311","2020-06-08 00:00:00",Completed,237600.00
4079,1,,"10733311","2021-07-16 00:00:00",Completed,184800.00
4080,1,,"10733311","2021-06-15 00:00:00",Completed,7879500.00
4081,1,,"10733311","2023-12-30 00:00:00",Completed,11850300.00
4082,1,,"10733311","2019-06-18 00:00:00",Completed,323600.00
4083,1,,"10733311","2021-10-11 00:00:00",Completed,100.00
4084,1,,"10733311","2025-03-28 00:00:00",Completed,100220.00
4085,1,,"10733311","2020-02-21 00:00:00",Completed,34500.00
4086,1,,"10733311","2023-03-16 00:00:00",Completed,8370.00
4087,1,,"10733311","2019-01-01 00:00:00",Completed,38500.00
4088,1,,"10733311","2021-05-17 00:00:00",Completed,122400.00
4089,1,,"10733311","2022-11-11 00:00:00",Completed,600.00
4090,1,,"10733311","2019-12-18 00:00:00",Completed,943920.00
4091,1,,"10733311","2022-01-31 00:00:00",Completed,20040.00
4092,1,,"10733311","2018-04-08 00:00:00",Completed,657200.00
4093,1,,"10733311","2021-05-07 00:00:00",Completed,91370.00
4094,1,,"10733311","2021-12-16 00:00:00",Completed,1656400.00
4095,1,,"10733311","2018-04-30 00:00:00",Completed,5803260.00
4096,1,,"10733311","2024-04-15 00:00:00",Completed,672610.00
4097,1,,"10733311","2022-05-25 00:00:00",Completed,3000.00
4098,1,,"10733311","2019-02-28 00:00:00",Completed,458700.00
4099,1,,"10794545","2019-09-09 00:00:00",Completed,318910.00
4100,1,,"10794545","2019-04-17 00:00:00",Completed,7771340.00
4101,1,,"10794545","2022-04-16 00:00:00",Completed,20400.00
4102,1,,"10794545","2019-01-31 00:00:00",Completed,382720.00
4103,1,,"10794545","2022-01-10 00:00:00",Completed,125000.00
4104,1,,"10794545","2020-10-14 00:00:00",Completed,27550.00
4105,1,,"10794545","2020-10-15 00:00:00",Completed,581400.00
4106,1,,"10794545","2020-06-07 00:00:00",Completed,178200.00
4107,1,,"10794545","2022-03-08 00:00:00",Completed,253840.00
4108,1,,"10794545","2020-05-21 00:00:00",Completed,1200.00
4109,1,,"10794545","2019-09-20 00:00:00",Completed,48000.00
4110,1,,"10794545","2024-10-28 00:00:00",Completed,146700.00
4111,1,,"10794545","2024-08-25 00:00:00",Completed,105090.00
4112,1,,"10794545","2018-11-27 00:00:00",Completed,14450.00
4113,1,,"10794545","2024-07-07 00:00:00",Completed,119810.00
4114,1,,"10794545","2019-04-20 00:00:00",Completed,766850.00
4115,1,,"10794545","2019-09-08 00:00:00",Completed,783000.00
4116,1,,"10794545","2018-05-29 00:00:00",Completed,92800.00
4117,1,,"10794545","2021-04-26 00:00:00",Completed,29100.00
4118,1,,"10794545","2020-03-08 00:00:00",Completed,26600.00
4119,1,,"10794545","2019-01-10 00:00:00",Completed,7064640.00
4120,1,,"10794545","2022-01-31 00:00:00",Completed,123000.00
4121,1,,"10794545","2018-07-21 00:00:00",Completed,9400.00
4122,1,,"10794545","2021-03-04 00:00:00",Completed,10240.00
4123,1,,"10794545","2020-06-07 00:00:00",Completed,2500.00
4124,1,,"10794545","2024-06-26 00:00:00",Completed,67620.00
4125,1,,"10794545","2024-11-18 00:00:00",Completed,1520760.00
4126,1,,"10794545","2023-10-06 00:00:00",Completed,505000.00
4127,1,,"10794545","2018-07-26 00:00:00",Completed,228100.00
4128,1,,"10794545","2024-07-05 00:00:00",Completed,35000.00
4129,1,,"10794545","2024-12-03 00:00:00",Completed,10400.00
4130,1,,"10794545","2018-04-16 00:00:00",Completed,1104000.00
4131,1,,"10794545","2023-08-22 00:00:00",Completed,83200.00
4132,1,,"10794545","2018-04-25 00:00:00",Completed,68200.00
4133,1,,"10794545","2022-12-25 00:00:00",Completed,26800.00
4134,1,,"10794545","2020-07-03 00:00:00",Completed,62500.00
4135,1,,"10794545","2022-01-01 00:00:00",Completed,400.00
4136,1,,"10794545","2019-06-05 00:00:00",Completed,21600.00
4137,1,,"10794545","2019-02-06 00:00:00",Completed,654000.00
4138,1,,"10794545","2018-09-25 00:00:00",Completed,1200.00
4139,1,,"10794545","2019-05-03 00:00:00",Completed,19500.00
4140,1,,"10794545","2024-07-15 00:00:00",Completed,200220.00
4141,1,,"10794545","2025-06-30 00:00:00",Completed,7700.00
4142,1,,"10794545","2020-09-08 00:00:00",Completed,100.00
4143,1,,"10794545","2021-01-01 00:00:00",Completed,255020.00
4144,1,,"10794545","2022-09-29 00:00:00",Completed,464100.00
4145,1,,"10794545","2018-09-21 00:00:00",Completed,117020.00
4146,1,,"10794545","2024-10-30 00:00:00",Completed,27810.00
4147,1,,"10794545","2025-06-05 00:00:00",Completed,21180.00
4148,1,,"10794545","2020-10-10 00:00:00",Completed,45500.00
4149,1,,"10794545","2025-07-13 00:00:00",Completed,1782000.00
4150,1,,"10794545","2025-03-25 00:00:00",Completed,1917110.00
4151,1,,"10794545","2020-04-14 00:00:00",Completed,21580.00
4152,1,,"10794545","2024-02-26 00:00:00",Completed,336700.00
4153,1,,"10794545","2021-05-24 00:00:00",Completed,604200.00
4154,1,,"10794545","2022-11-23 00:00:00",Completed,74840.00
4155,1,,"10794545","2024-06-09 00:00:00",Completed,1093400.00
4156,1,,"10794545","2023-03-19 00:00:00",Completed,277880.00
4157,1,,"10794545","2021-01-26 00:00:00",Completed,442320.00
4158,1,,"10794545","2018-04-17 00:00:00",Completed,2160.00
4159,1,,"10794545","2023-10-23 00:00:00",Completed,7950.00
4160,1,,"10794545","2024-02-06 00:00:00",Completed,772930.00
4161,1,,"10794545","2019-05-12 00:00:00",Completed,8400.00
4162,1,,"10794545","2022-06-21 00:00:00",Completed,25390.00
4163,1,,"10794545","2022-11-05 00:00:00",Completed,6840.00
4164,1,,"10794545","2018-12-30 00:00:00",Completed,496800.00
4165,1,,"10794545","2024-01-26 00:00:00",Completed,559800.00
4166,1,,"10794545","2020-09-04 00:00:00",Completed,72720.00
4167,1,,"10794545","2024-08-16 00:00:00",Completed,17110.00
4168,1,,"10794545","2022-10-09 00:00:00",Completed,42690.00
4169,1,,"10794545","2019-11-28 00:00:00",Completed,621000.00
4170,1,,"10794545","2024-10-17 00:00:00",Completed,41200.00
4171,1,,"10794545","2020-05-07 00:00:00",Completed,144200.00
4172,1,,"10794545","2025-05-12 00:00:00",Completed,478580.00
4173,1,,"10794545","2023-08-29 00:00:00",Completed,29180.00
4174,1,,"10794545","2022-05-14 00:00:00",Completed,718930.00
4175,1,,"10794545","2022-12-21 00:00:00",Completed,2777600.00
4176,1,,"10794545","2021-10-25 00:00:00",Completed,2197940.00
4177,1,,"10794545","2019-03-29 00:00:00",Completed,56450.00
4178,1,,"10794545","2020-03-04 00:00:00",Completed,1244700.00
4179,1,,"10794545","2018-06-07 00:00:00",Completed,1890620.00
4180,1,,"10794545","2018-05-11 00:00:00",Completed,666620.00
4181,1,,"10794545","2020-12-02 00:00:00",Completed,496800.00
4182,1,,"10794545","2018-04-18 00:00:00",Completed,1755600.00
4183,1,,"10794545","2020-09-27 00:00:00",Completed,21700.00
4184,1,,"10794545","2025-05-30 00:00:00",Completed,110800.00
4185,1,,"10794545","2022-09-11 00:00:00",Completed,12600.00
4186,1,,"10794545","2023-08-15 00:00:00",Completed,80370.00
4187,1,,"10794545","2020-01-07 00:00:00",Completed,75140.00
4188,1,,"10794545","2024-07-14 00:00:00",Completed,100.00
4189,1,,"10794545","2020-11-08 00:00:00",Completed,363170.00
4190,1,,"10794545","2018-02-19 00:00:00",Completed,639540.00
4191,1,,"10794545","2019-06-03 00:00:00",Completed,26000.00
4192,1,,"10794545","2019-06-29 00:00:00",Completed,2021000.00
4193,1,,"10794545","2022-01-08 00:00:00",Completed,89280.00
4194,1,,"10794545","2019-07-02 00:00:00",Completed,742770.00
4195,1,,"10794545","2019-11-19 00:00:00",Completed,8340.00
4196,1,,"10794545","2024-03-11 00:00:00",Completed,35820.00
4197,1,,"10794545","2022-03-13 00:00:00",Completed,12000.00
4198,1,,"10794545","2024-10-16 00:00:00",Completed,317250.00
4199,1,,"10794545","2019-08-23 00:00:00",Completed,595000.00
4200,1,,"10794545","2021-12-12 00:00:00",Completed,156000.00
4201,1,,"10794545","2018-07-14 00:00:00",Completed,51350.00
4202,1,,"10794545","2018-09-11 00:00:00",Completed,302300.00
4203,1,,"10894779","2019-01-21 00:00:00",Completed,33580.00
4204,1,,"10894779","2018-03-23 00:00:00",Completed,312800.00
4205,1,,"10894779","2023-03-12 00:00:00",Completed,24980.00
4206,1,,"10894779","2019-07-22 00:00:00",Completed,182360.00
4207,1,,"10894779","2022-09-25 00:00:00",Completed,45500.00
4208,1,,"10894779","2024-11-03 00:00:00",Completed,881790.00
4209,1,,"10894779","2023-07-09 00:00:00",Completed,30270.00
4210,1,,"10894779","2022-11-19 00:00:00",Completed,29400.00
4211,1,,"10894779","2018-10-29 00:00:00",Completed,3081400.00
4212,1,,"10894779","2019-01-28 00:00:00",Completed,102000.00
4213,1,,"10894779","2022-12-10 00:00:00",Completed,425790.00
4214,1,,"10894779","2019-12-14 00:00:00",Completed,674800.00
4215,1,,"10894779","2021-06-17 00:00:00",Completed,28800.00
4216,1,,"10894779","2021-06-26 00:00:00",Completed,35640.00
4217,1,,"10894779","2020-03-21 00:00:00",Completed,41610.00
4218,1,,"10894779","2018-07-17 00:00:00",Completed,239200.00
4219,1,,"10894779","2020-11-09 00:00:00",Completed,1000.00
4220,1,,"10894779","2025-02-07 00:00:00",Completed,3000.00
4221,1,,"10894779","2023-06-24 00:00:00",Completed,5873600.00
4222,1,,"10894779","2021-10-31 00:00:00",Completed,8560.00
4223,1,,"10894779","2021-02-08 00:00:00",Completed,1463360.00
4224,1,,"10894779","2025-01-28 00:00:00",Completed,39690.00
4225,1,,"10894779","2020-06-25 00:00:00",Completed,150910.00
4226,1,,"10894779","2020-08-06 00:00:00",Completed,33800.00
4227,1,,"10894779","2018-12-02 00:00:00",Completed,2395400.00
4228,1,,"10894779","2023-03-23 00:00:00",Completed,762700.00
4229,1,,"10894779","2020-05-17 00:00:00",Completed,238950.00
4230,1,,"10894779","2022-11-14 00:00:00",Completed,289300.00
4231,1,,"10894779","2018-07-16 00:00:00",Completed,880700.00
4232,1,,"10894779","2023-02-24 00:00:00",Completed,76000.00
4233,1,,"10894779","2021-07-30 00:00:00",Completed,10575000.00
4234,1,,"10894779","2019-05-18 00:00:00",Completed,134440.00
4235,1,,"10894779","2022-05-24 00:00:00",Completed,54650.00
4236,1,,"10894779","2025-07-05 00:00:00",Completed,24600.00
4237,1,,"10894779","2020-03-13 00:00:00",Completed,759980.00
4238,1,,"10894779","2022-10-04 00:00:00",Completed,90400.00
4239,1,,"10894779","2023-04-02 00:00:00",Completed,63800.00
4240,1,,"10894779","2023-11-13 00:00:00",Completed,175500.00
4241,1,,"10894779","2024-07-26 00:00:00",Completed,943540.00
4242,1,,"10894779","2024-11-30 00:00:00",Completed,103170.00
4243,1,,"10894779","2020-09-07 00:00:00",Completed,541200.00
4244,1,,"10894779","2020-01-12 00:00:00",Completed,39010.00
4245,1,,"10894779","2021-01-20 00:00:00",Completed,490000.00
4246,1,,"10894779","2025-02-12 00:00:00",Completed,670460.00
4247,1,,"10894779","2018-06-28 00:00:00",Completed,138000.00
4248,1,,"10894779","2023-04-27 00:00:00",Completed,700.00
4249,1,,"10894779","2019-08-25 00:00:00",Completed,651700.00
4250,1,,"10894779","2018-06-23 00:00:00",Completed,627440.00
4251,1,,"10894779","2023-11-21 00:00:00",Completed,120300.00
4252,1,,"10894779","2018-03-23 00:00:00",Completed,215740.00
4253,1,,"10894779","2021-10-19 00:00:00",Completed,38210.00
4254,1,,"10894779","2019-06-29 00:00:00",Completed,11780.00
4255,1,,"10894779","2020-02-26 00:00:00",Completed,9100.00
4256,1,,"10894779","2019-10-24 00:00:00",Completed,2160000.00
4257,1,,"10894779","2022-01-10 00:00:00",Completed,16900.00
4258,1,,"10894779","2018-07-11 00:00:00",Completed,210000.00
4259,1,,"10894779","2025-02-16 00:00:00",Completed,1291010.00
4260,1,,"10894779","2025-02-19 00:00:00",Completed,441350.00
4261,1,,"10894779","2021-10-15 00:00:00",Completed,632960.00
4262,1,,"10894779","2018-08-09 00:00:00",Completed,811800.00
4263,1,,"10894779","2018-02-19 00:00:00",Completed,305180.00
4264,1,,"10894779","2020-11-22 00:00:00",Completed,13580.00
4265,1,,"10894779","2024-08-25 00:00:00",Completed,2900.00
4266,1,,"10894779","2021-03-17 00:00:00",Completed,148510.00
4267,1,,"10894779","2018-12-22 00:00:00",Completed,65660.00
4268,1,,"10894779","2025-04-17 00:00:00",Completed,20100.00
4269,1,,"10894779","2023-05-28 00:00:00",Completed,1355760.00
4270,1,,"10894779","2024-07-23 00:00:00",Completed,21300.00
4271,1,,"10894779","2020-04-29 00:00:00",Completed,34400.00
4272,1,,"10894779","2021-12-19 00:00:00",Completed,157540.00
4273,1,,"10894779","2021-09-19 00:00:00",Completed,217000.00
4274,1,,"10894779","2018-09-09 00:00:00",Completed,114800.00
4275,1,,"10894779","2019-05-15 00:00:00",Completed,30100.00
4276,1,,"10894779","2020-11-29 00:00:00",Completed,107090.00
4277,1,,"10894779","2018-11-13 00:00:00",Completed,295840.00
4278,1,,"10894779","2020-11-05 00:00:00",Completed,294000.00
4279,1,,"10894779","2024-04-14 00:00:00",Completed,9120.00
4280,1,,"10894779","2021-11-17 00:00:00",Completed,30800.00
4281,1,,"10898197","2023-10-21 00:00:00",Completed,1707980.00
4282,1,,"10898197","2021-05-08 00:00:00",Completed,153610.00
4283,1,,"10898197","2023-05-06 00:00:00",Completed,264500.00
4284,1,,"10898197","2019-11-12 00:00:00",Completed,33340.00
4285,1,,"10898197","2021-08-08 00:00:00",Completed,16000.00
4286,1,,"10898197","2023-09-26 00:00:00",Completed,490600.00
4287,1,,"10898197","2021-06-08 00:00:00",Completed,39600.00
4288,1,,"10898197","2018-03-19 00:00:00",Completed,299400.00
4289,1,,"10898197","2022-01-22 00:00:00",Completed,174600.00
4290,1,,"10898197","2024-03-02 00:00:00",Completed,22800.00
4291,1,,"10898197","2020-02-29 00:00:00",Completed,17700.00
4292,1,,"10898197","2023-01-30 00:00:00",Completed,31940.00
4293,1,,"10898197","2019-03-25 00:00:00",Completed,140650.00
4294,1,,"10898197","2022-01-22 00:00:00",Completed,66200.00
4295,1,,"10898197","2022-07-06 00:00:00",Completed,100.00
4296,1,,"10898197","2023-02-20 00:00:00",Completed,21530.00
4297,1,,"10898197","2018-03-21 00:00:00",Completed,2800.00
4298,1,,"10898197","2023-07-28 00:00:00",Completed,60200.00
4299,1,,"10898197","2022-02-04 00:00:00",Completed,162710.00
4300,1,,"10898197","2024-12-26 00:00:00",Completed,52450.00
4301,1,,"10898197","2019-10-10 00:00:00",Completed,864000.00
4302,1,,"10898197","2024-04-22 00:00:00",Completed,18560.00
4303,1,,"10898197","2022-03-05 00:00:00",Completed,78600.00
4304,1,,"10898197","2019-05-05 00:00:00",Completed,107920.00
4305,1,,"10898197","2024-11-22 00:00:00",Completed,205000.00
4306,1,,"10898197","2023-03-23 00:00:00",Completed,93000.00
4307,1,,"10898197","2018-05-25 00:00:00",Completed,100.00
4308,1,,"10898197","2019-12-13 00:00:00",Completed,2900.00
4309,1,,"10898197","2019-08-28 00:00:00",Completed,43900.00
4310,1,,"10898197","2024-10-24 00:00:00",Completed,81800.00
4311,1,,"10898197","2019-07-15 00:00:00",Completed,579860.00
4312,1,,"10898197","2020-12-14 00:00:00",Completed,34200.00
4313,1,,"10898197","2023-05-28 00:00:00",Completed,113850.00
4314,1,,"10898197","2024-02-24 00:00:00",Completed,25600.00
4315,1,,"10898197","2024-05-25 00:00:00",Completed,280200.00
4316,1,,"10898197","2019-01-11 00:00:00",Completed,100.00
4317,1,,"10898197","2019-12-30 00:00:00",Completed,914170.00
4318,1,,"10898197","2025-05-22 00:00:00",Completed,995300.00
4319,1,,"10898197","2020-09-10 00:00:00",Completed,244720.00
4320,1,,"10898197","2024-08-26 00:00:00",Completed,29700.00
4321,1,,"10898197","2019-05-05 00:00:00",Completed,57620.00
4322,1,,"10898197","2022-09-26 00:00:00",Completed,335300.00
4323,1,,"10898197","2021-12-02 00:00:00",Completed,475000.00
4324,1,,"10898197","2023-06-22 00:00:00",Completed,111460.00
4325,1,,"10898197","2023-03-02 00:00:00",Completed,660000.00
4326,1,,"10898197","2025-06-23 00:00:00",Completed,80080.00
4327,1,,"10898197","2019-12-20 00:00:00",Completed,107400.00
4328,1,,"10898197","2020-01-18 00:00:00",Completed,151600.00
4329,1,,"10898197","2020-02-19 00:00:00",Completed,157000.00
4330,1,,"10898197","2019-05-20 00:00:00",Completed,134200.00
4331,1,,"10898197","2022-03-17 00:00:00",Completed,51000.00
4332,1,,"10898197","2021-02-22 00:00:00",Completed,129480.00
4333,1,,"10898197","2018-09-26 00:00:00",Completed,182530.00
4334,1,,"10898197","2019-08-07 00:00:00",Completed,50490.00
4335,1,,"10898197","2019-04-18 00:00:00",Completed,1399460.00
4336,1,,"10898197","2024-01-16 00:00:00",Completed,143140.00
4337,1,,"10898197","2021-10-22 00:00:00",Completed,312000.00
4338,1,,"10898197","2020-01-03 00:00:00",Completed,600.00
4339,1,,"10898197","2020-06-09 00:00:00",Completed,10500.00
4340,1,,"10898197","2025-04-25 00:00:00",Completed,35800.00
4341,1,,"10898197","2025-04-21 00:00:00",Completed,3000.00
4342,1,,"10898197","2022-11-16 00:00:00",Completed,184140.00
4343,1,,"10898197","2018-05-28 00:00:00",Completed,19930.00
4344,1,,"10898197","2023-09-03 00:00:00",Completed,96500.00
4345,1,,"10898197","2021-08-26 00:00:00",Completed,108640.00
4346,1,,"10898197","2020-03-28 00:00:00",Completed,94800.00
4347,1,,"10898197","2023-04-06 00:00:00",Completed,25700.00
4348,1,,"10898197","2021-05-06 00:00:00",Completed,747460.00
4349,1,,"10898197","2023-01-31 00:00:00",Completed,321050.00
4350,1,,"10898197","2020-02-21 00:00:00",Completed,38130.00
4351,1,,"10898197","2020-06-05 00:00:00",Completed,20590.00
4352,1,,"10898197","2025-03-22 00:00:00",Completed,2365200.00
4353,1,,"10898197","2024-11-22 00:00:00",Completed,223580.00
4354,1,,"10898197","2021-11-16 00:00:00",Completed,2900.00
4355,1,,"10898197","2025-04-01 00:00:00",Completed,45140.00
4356,1,,"10898197","2020-04-07 00:00:00",Completed,330460.00
4357,1,,"10898197","2023-06-19 00:00:00",Completed,280800.00
4358,1,,"10898197","2022-01-14 00:00:00",Completed,52990.00
4359,1,,"10898197","2023-05-07 00:00:00",Completed,1196000.00
4360,1,,"10898197","2023-10-04 00:00:00",Completed,100.00
4361,1,,"10898197","2024-06-01 00:00:00",Completed,60540.00
4362,1,,"10898197","2021-12-28 00:00:00",Completed,3000.00
4363,1,,"10898197","2021-01-25 00:00:00",Completed,183150.00
4364,1,,"10898197","2021-08-20 00:00:00",Completed,286900.00
4365,1,,"10898197","2018-10-11 00:00:00",Completed,93000.00
4366,1,,"10971722","2021-11-29 00:00:00",Completed,2000.00
4367,1,,"10971722","2023-01-11 00:00:00",Completed,606730.00
4368,1,,"10971722","2021-07-10 00:00:00",Completed,93490.00
4369,1,,"10971722","2019-06-18 00:00:00",Completed,1560000.00
4370,1,,"10971722","2022-12-19 00:00:00",Completed,43250.00
4371,1,,"10971722","2023-03-13 00:00:00",Completed,103490.00
4372,1,,"10971722","2021-08-06 00:00:00",Completed,8820.00
4373,1,,"10971722","2022-12-24 00:00:00",Completed,65880.00
4374,1,,"10971722","2024-12-20 00:00:00",Completed,900.00
4375,1,,"10971722","2020-08-02 00:00:00",Completed,36570.00
4376,1,,"10971722","2020-05-02 00:00:00",Completed,332130.00
4377,1,,"10971722","2025-03-21 00:00:00",Completed,47400.00
4378,1,,"10971722","2024-07-12 00:00:00",Completed,131400.00
4379,1,,"10971722","2018-10-05 00:00:00",Completed,24990.00
4380,1,,"10971722","2018-01-04 00:00:00",Completed,423360.00
4381,1,,"10971722","2019-02-28 00:00:00",Completed,1385470.00
4382,1,,"10971722","2021-12-27 00:00:00",Completed,6140.00
4383,1,,"10971722","2023-02-10 00:00:00",Completed,4443120.00
4384,1,,"10971722","2025-06-08 00:00:00",Completed,5652480.00
4385,1,,"10971722","2019-09-09 00:00:00",Completed,420210.00
4386,1,,"10971722","2018-10-27 00:00:00",Completed,27520.00
4387,1,,"10971722","2019-11-24 00:00:00",Completed,100.00
4388,1,,"10971722","2025-01-05 00:00:00",Completed,27000.00
4389,1,,"10971722","2023-10-05 00:00:00",Completed,108800.00
4390,1,,"10971722","2024-12-07 00:00:00",Completed,1284320.00
4391,1,,"10971722","2024-10-02 00:00:00",Completed,27350.00
4392,1,,"10971722","2024-04-27 00:00:00",Completed,26000.00
4393,1,,"10971722","2022-05-06 00:00:00",Completed,541500.00
4394,1,,"10971722","2018-12-05 00:00:00",Completed,59000.00
4395,1,,"10971722","2024-08-21 00:00:00",Completed,1693440.00
4396,1,,"10971722","2025-03-04 00:00:00",Completed,20590.00
4397,1,,"10971722","2018-03-07 00:00:00",Completed,40100.00
4398,1,,"10971722","2018-09-26 00:00:00",Completed,6390.00
4399,1,,"10971722","2021-03-23 00:00:00",Completed,96600.00
4400,1,,"10971722","2024-05-11 00:00:00",Completed,956040.00
4401,1,,"10971722","2019-08-31 00:00:00",Completed,75080.00
4402,1,,"10971722","2025-06-06 00:00:00",Completed,79800.00
4403,1,,"10971722","2024-01-01 00:00:00",Completed,186620.00
4404,1,,"10971722","2024-09-10 00:00:00",Completed,78600.00
4405,1,,"10971722","2020-03-21 00:00:00",Completed,74740.00
4406,1,,"10971722","2025-05-14 00:00:00",Completed,97400.00
4407,1,,"10971722","2018-11-15 00:00:00",Completed,261360.00
4408,1,,"10971722","2019-09-23 00:00:00",Completed,2989600.00
4409,1,,"10971722","2020-07-17 00:00:00",Completed,4230.00
4410,1,,"10971722","2021-10-06 00:00:00",Completed,300.00
4411,1,,"10971722","2019-04-16 00:00:00",Completed,356490.00
4412,1,,"10971722","2025-07-27 00:00:00",Completed,854950.00
4413,1,,"10971722","2023-05-12 00:00:00",Completed,125100.00
4414,1,,"10971722","2024-08-01 00:00:00",Completed,91000.00
4415,1,,"10971722","2025-04-20 00:00:00",Completed,46900.00
4416,1,,"10971722","2021-03-30 00:00:00",Completed,58500.00
4417,1,,"10971722","2022-04-03 00:00:00",Completed,68160.00
4418,1,,"10971722","2024-05-20 00:00:00",Completed,114000.00
4419,1,,"10971722","2022-11-12 00:00:00",Completed,131040.00
4420,1,,"10971722","2023-11-01 00:00:00",Completed,54000.00
4421,1,,"10971722","2022-12-02 00:00:00",Completed,34740.00
4422,1,,"10971722","2018-08-21 00:00:00",Completed,2245000.00
4423,1,,"10971722","2024-10-05 00:00:00",Completed,218000.00
4424,1,,"10971722","2021-04-13 00:00:00",Completed,1394400.00
4425,1,,"10971722","2020-04-22 00:00:00",Completed,29160.00
4426,1,,"10971722","2019-07-24 00:00:00",Completed,71040.00
4427,1,,"10971722","2018-10-31 00:00:00",Completed,6652370.00
4428,1,,"10971722","2023-04-05 00:00:00",Completed,1133820.00
4429,1,,"10971722","2021-09-28 00:00:00",Completed,2018020.00
4430,1,,"10971722","2021-03-31 00:00:00",Completed,72450.00
4431,1,,"10971722","2019-06-24 00:00:00",Completed,776900.00
4432,1,,"10971722","2018-07-03 00:00:00",Completed,1600.00
4433,1,,"10971722","2022-03-13 00:00:00",Completed,247300.00
4434,1,,"10971722","2023-09-17 00:00:00",Completed,100.00
4435,1,,"10971722","2020-06-04 00:00:00",Completed,93620.00
4436,1,,"10971722","2022-04-12 00:00:00",Completed,1586870.00
4437,1,,"10971722","2024-08-15 00:00:00",Completed,278200.00
4438,1,,"10971722","2021-03-24 00:00:00",Completed,35400.00
4439,1,,"10971722","2020-10-15 00:00:00",Completed,89180.00
4440,1,,"10971722","2020-06-28 00:00:00",Completed,499800.00
4441,1,,"10971722","2024-07-27 00:00:00",Completed,210270.00
4442,1,,"10971722","2023-02-05 00:00:00",Completed,495020.00
4443,1,,"10971722","2018-07-18 00:00:00",Completed,8600.00
4444,1,,"10971722","2018-03-28 00:00:00",Completed,293600.00
4445,1,,"10971722","2025-04-25 00:00:00",Completed,1268000.00
4446,1,,"10971722","2022-08-02 00:00:00",Completed,936700.00
4447,1,,"10971722","2018-10-23 00:00:00",Completed,54900.00
4448,1,,"10971722","2025-05-25 00:00:00",Completed,29790.00
4449,1,,"11039306","2021-10-01 00:00:00",Completed,914910.00
4450,1,,"11039306","2024-06-17 00:00:00",Completed,223020.00
4451,1,,"11039306","2024-08-12 00:00:00",Completed,197370.00
4452,1,,"11039306","2023-12-28 00:00:00",Completed,334400.00
4453,1,,"11039306","2024-05-07 00:00:00",Completed,1911800.00
4454,1,,"11039306","2020-08-24 00:00:00",Completed,60530.00
4455,1,,"11039306","2021-10-19 00:00:00",Completed,612500.00
4456,1,,"11039306","2022-07-12 00:00:00",Completed,1022720.00
4457,1,,"11039306","2019-08-10 00:00:00",Completed,7830.00
4458,1,,"11039306","2024-04-18 00:00:00",Completed,67770.00
4459,1,,"11039306","2019-10-26 00:00:00",Completed,342100.00
4460,1,,"11039306","2020-03-21 00:00:00",Completed,1400.00
4461,1,,"11039306","2018-08-03 00:00:00",Completed,9790.00
4462,1,,"11039306","2022-01-26 00:00:00",Completed,150000.00
4463,1,,"11039306","2025-05-28 00:00:00",Completed,12470.00
4464,1,,"11039306","2023-07-18 00:00:00",Completed,1200.00
4465,1,,"11039306","2018-08-30 00:00:00",Completed,268200.00
4466,1,,"11039306","2019-10-20 00:00:00",Completed,234430.00
4467,1,,"11039306","2020-12-01 00:00:00",Completed,8021770.00
4468,1,,"11039306","2019-07-12 00:00:00",Completed,99360.00
4469,1,,"11039306","2023-03-15 00:00:00",Completed,959220.00
4470,1,,"11039306","2023-03-11 00:00:00",Completed,277600.00
4471,1,,"11039306","2018-07-30 00:00:00",Completed,185090.00
4472,1,,"11039306","2021-03-14 00:00:00",Completed,32400.00
4473,1,,"11039306","2020-04-20 00:00:00",Completed,34500.00
4474,1,,"11039306","2025-03-24 00:00:00",Completed,6777400.00
4475,1,,"11039306","2023-04-13 00:00:00",Completed,6600.00
4476,1,,"11039306","2023-06-09 00:00:00",Completed,101140.00
4477,1,,"11039306","2021-04-23 00:00:00",Completed,2054050.00
4478,1,,"11039306","2023-01-11 00:00:00",Completed,70620.00
4479,1,,"11039306","2023-12-16 00:00:00",Completed,1438640.00
4480,1,,"11039306","2018-12-30 00:00:00",Completed,530000.00
4481,1,,"11039306","2022-04-22 00:00:00",Completed,55500.00
4482,1,,"11039306","2018-02-03 00:00:00",Completed,26750.00
4483,1,,"11039306","2018-08-20 00:00:00",Completed,137900.00
4484,1,,"11039306","2018-08-28 00:00:00",Completed,2820800.00
4485,1,,"11039306","2021-10-23 00:00:00",Completed,26090.00
4486,1,,"11039306","2025-06-17 00:00:00",Completed,52990.00
4487,1,,"11039306","2018-03-09 00:00:00",Completed,46400.00
4488,1,,"11039306","2024-07-21 00:00:00",Completed,249480.00
4489,1,,"11039306","2019-07-20 00:00:00",Completed,258500.00
4490,1,,"11039306","2020-09-05 00:00:00",Completed,112800.00
4491,1,,"11039306","2020-04-13 00:00:00",Completed,694640.00
4492,1,,"11039306","2019-10-07 00:00:00",Completed,3952510.00
4493,1,,"11039306","2024-11-06 00:00:00",Completed,12800.00
4494,1,,"11039306","2020-08-09 00:00:00",Completed,335790.00
4495,1,,"11039306","2018-12-14 00:00:00",Completed,770300.00
4496,1,,"11039306","2024-08-04 00:00:00",Completed,618800.00
4497,1,,"11039306","2022-04-16 00:00:00",Completed,470980.00
4498,1,,"11039306","2019-05-26 00:00:00",Completed,53640.00
4499,1,,"11039306","2021-08-31 00:00:00",Completed,21820.00
4500,1,,"11039306","2024-05-07 00:00:00",Completed,188160.00
4501,1,,"11039306","2020-02-19 00:00:00",Completed,18500.00
4502,1,,"11039306","2019-08-24 00:00:00",Completed,22500.00
4503,1,,"11039306","2024-07-08 00:00:00",Completed,2796840.00
4504,1,,"11039306","2019-06-10 00:00:00",Completed,1131200.00
4505,1,,"11039306","2019-01-02 00:00:00",Completed,20180.00
4506,1,,"11039306","2022-04-20 00:00:00",Completed,1016860.00
4507,1,,"11039306","2022-07-23 00:00:00",Completed,492100.00
4508,1,,"11039306","2024-11-01 00:00:00",Completed,920820.00
4509,1,,"11039306","2020-05-24 00:00:00",Completed,10860.00
4510,1,,"11039306","2023-03-22 00:00:00",Completed,10650.00
4511,1,,"11039306","2021-01-26 00:00:00",Completed,8610870.00
4512,1,,"11039306","2021-11-25 00:00:00",Completed,82080.00
4513,1,,"11039306","2020-12-31 00:00:00",Completed,921980.00
4514,1,,"11039306","2021-11-10 00:00:00",Completed,65090.00
4515,1,,"11039306","2021-01-03 00:00:00",Completed,1435200.00
4516,1,,"11039306","2025-01-12 00:00:00",Completed,96000.00
4517,1,,"11039306","2018-08-28 00:00:00",Completed,47600.00
4518,1,,"11039306","2018-04-03 00:00:00",Completed,71050.00
4519,1,,"11039306","2018-12-23 00:00:00",Completed,37920.00
4520,1,,"11039306","2020-06-16 00:00:00",Completed,142100.00
4521,1,,"11039306","2023-02-28 00:00:00",Completed,8454260.00
4522,1,,"11039306","2023-09-08 00:00:00",Completed,548240.00
4523,1,,"11039306","2024-03-01 00:00:00",Completed,280640.00
4524,1,,"11039306","2023-02-12 00:00:00",Completed,4125760.00
4525,1,,"11039306","2025-02-05 00:00:00",Completed,183860.00
4526,1,,"11039306","2021-11-02 00:00:00",Completed,19500.00
4527,1,,"11039306","2018-05-25 00:00:00",Completed,334400.00
4528,1,,"11039306","2024-12-04 00:00:00",Completed,3911600.00
4529,1,,"11039306","2020-02-11 00:00:00",Completed,14400.00
4530,1,,"11061702","2023-06-08 00:00:00",Completed,886700.00
4531,1,,"11061702","2018-03-12 00:00:00",Completed,40640.00
4532,1,,"11061702","2019-06-08 00:00:00",Completed,252680.00
4533,1,,"11061702","2018-06-10 00:00:00",Completed,230850.00
4534,1,,"11061702","2025-04-17 00:00:00",Completed,246500.00
4535,1,,"11061702","2021-06-28 00:00:00",Completed,1624000.00
4536,1,,"11061702","2020-01-20 00:00:00",Completed,52440.00
4537,1,,"11061702","2020-03-09 00:00:00",Completed,94960.00
4538,1,,"11061702","2018-11-18 00:00:00",Completed,1072400.00
4539,1,,"11061702","2021-12-27 00:00:00",Completed,128400.00
4540,1,,"11061702","2021-04-11 00:00:00",Completed,48000.00
4541,1,,"11061702","2018-02-13 00:00:00",Completed,243390.00
4542,1,,"11061702","2022-04-06 00:00:00",Completed,249290.00
4543,1,,"11061702","2020-06-09 00:00:00",Completed,1595300.00
4544,1,,"11061702","2023-06-13 00:00:00",Completed,499500.00
4545,1,,"11061702","2023-05-02 00:00:00",Completed,136860.00
4546,1,,"11061702","2021-05-15 00:00:00",Completed,124030.00
4547,1,,"11061702","2025-05-17 00:00:00",Completed,350690.00
4548,1,,"11061702","2020-07-03 00:00:00",Completed,1188000.00
4549,1,,"11061702","2020-06-01 00:00:00",Completed,10200.00
4550,1,,"11061702","2020-01-20 00:00:00",Completed,747000.00
4551,1,,"11061702","2021-05-15 00:00:00",Completed,42900.00
4552,1,,"11061702","2023-01-18 00:00:00",Completed,86800.00
4553,1,,"11061702","2018-01-03 00:00:00",Completed,15620.00
4554,1,,"11061702","2020-01-21 00:00:00",Completed,30400.00
4555,1,,"11061702","2025-02-24 00:00:00",Completed,22150.00
4556,1,,"11061702","2020-04-11 00:00:00",Completed,180600.00
4557,1,,"11061702","2024-03-26 00:00:00",Completed,902000.00
4558,1,,"11061702","2024-09-03 00:00:00",Completed,640300.00
4559,1,,"11061702","2022-10-11 00:00:00",Completed,1199850.00
4560,1,,"11061702","2022-11-29 00:00:00",Completed,76950.00
4561,1,,"11061702","2018-07-13 00:00:00",Completed,201500.00
4562,1,,"11061702","2019-11-27 00:00:00",Completed,1445850.00
4563,1,,"11061702","2025-05-31 00:00:00",Completed,71340.00
4564,1,,"11061702","2023-10-07 00:00:00",Completed,33270.00
4565,1,,"11061702","2021-08-24 00:00:00",Completed,34730.00
4566,1,,"11061702","2024-01-29 00:00:00",Completed,254100.00
4567,1,,"11061702","2024-02-06 00:00:00",Completed,1193400.00
4568,1,,"11061702","2019-06-11 00:00:00",Completed,90600.00
4569,1,,"11061702","2019-01-18 00:00:00",Completed,156040.00
4570,1,,"11061702","2022-07-13 00:00:00",Completed,2142000.00
4571,1,,"11061702","2021-07-21 00:00:00",Completed,90500.00
4572,1,,"11061702","2023-01-01 00:00:00",Completed,350700.00
4573,1,,"11061702","2024-01-19 00:00:00",Completed,144400.00
4574,1,,"11061702","2023-08-20 00:00:00",Completed,8200.00
4575,1,,"11061702","2024-10-07 00:00:00",Completed,316400.00
4576,1,,"11061702","2021-04-12 00:00:00",Completed,50960.00
4577,1,,"11061702","2025-06-09 00:00:00",Completed,143560.00
4578,1,,"11061702","2020-06-14 00:00:00",Completed,229600.00
4579,1,,"11061702","2024-09-14 00:00:00",Completed,17230.00
4580,1,,"11061702","2023-08-05 00:00:00",Completed,20060.00
4581,1,,"11061702","2025-03-16 00:00:00",Completed,29230.00
4582,1,,"11061702","2020-03-20 00:00:00",Completed,19360.00
4583,1,,"11061702","2022-11-12 00:00:00",Completed,22310.00
4584,1,,"11061702","2021-10-22 00:00:00",Completed,65200.00
4585,1,,"11061702","2020-12-29 00:00:00",Completed,126600.00
4586,1,,"11061702","2019-05-20 00:00:00",Completed,41650.00
4587,1,,"11061702","2023-07-19 00:00:00",Completed,3200.00
4588,1,,"11061702","2021-09-13 00:00:00",Completed,5595000.00
4589,1,,"11061702","2018-10-17 00:00:00",Completed,22990.00
4590,1,,"11061702","2023-05-04 00:00:00",Completed,151800.00
4591,1,,"11061702","2025-06-05 00:00:00",Completed,591620.00
4592,1,,"11061702","2024-10-23 00:00:00",Completed,598750.00
4593,1,,"11061702","2019-10-19 00:00:00",Completed,276640.00
4594,1,,"11061702","2025-07-29 00:00:00",Completed,504450.00
4595,1,,"11061702","2019-08-28 00:00:00",Completed,220970.00
4596,1,,"11061702","2021-10-26 00:00:00",Completed,624400.00
4597,1,,"11061702","2023-09-10 00:00:00",Completed,763400.00
4598,1,,"11061702","2019-03-11 00:00:00",Completed,322990.00
4599,1,,"11061702","2019-12-07 00:00:00",Completed,26300.00
4600,1,,"11061702","2018-10-11 00:00:00",Completed,77270.00
4601,1,,"11061702","2020-07-08 00:00:00",Completed,492920.00
4602,1,,"11061702","2020-06-05 00:00:00",Completed,119400.00
4603,1,,"11061702","2022-06-25 00:00:00",Completed,197600.00
4604,1,,"11061702","2024-04-07 00:00:00",Completed,1891620.00
4605,1,,"11061702","2021-07-03 00:00:00",Completed,62240.00
4606,1,,"11061702","2021-08-18 00:00:00",Completed,72600.00
4607,1,,"11061702","2018-04-01 00:00:00",Completed,14900.00
4608,1,,"11061702","2020-12-02 00:00:00",Completed,692210.00
4609,1,,"11061702","2018-05-04 00:00:00",Completed,178480.00
4610,1,,"11061702","2020-06-20 00:00:00",Completed,96140.00
4611,1,,"11061702","2024-06-15 00:00:00",Completed,10130.00
4612,1,,"11061702","2018-06-14 00:00:00",Completed,45600.00
4613,1,,"11061702","2020-09-28 00:00:00",Completed,162360.00
4614,1,,"11106966","2023-09-23 00:00:00",Completed,230000.00
4615,1,,"11106966","2024-10-26 00:00:00",Completed,98690.00
4616,1,,"11106966","2020-07-26 00:00:00",Completed,450000.00
4617,1,,"11106966","2020-08-17 00:00:00",Completed,177500.00
4618,1,,"11106966","2024-04-11 00:00:00",Completed,755410.00
4619,1,,"11106966","2018-02-05 00:00:00",Completed,7400.00
4620,1,,"11106966","2024-04-12 00:00:00",Completed,345800.00
4621,1,,"11106966","2018-07-01 00:00:00",Completed,1251430.00
4622,1,,"11106966","2023-12-16 00:00:00",Completed,306500.00
4623,1,,"11106966","2025-05-15 00:00:00",Completed,32480.00
4624,1,,"11106966","2022-11-19 00:00:00",Completed,1536700.00
4625,1,,"11106966","2020-09-30 00:00:00",Completed,374400.00
4626,1,,"11106966","2023-10-21 00:00:00",Completed,57150.00
4627,1,,"11106966","2024-03-27 00:00:00",Completed,548600.00
4628,1,,"11106966","2025-02-16 00:00:00",Completed,18500.00
4629,1,,"11106966","2024-01-10 00:00:00",Completed,1381240.00
4630,1,,"11106966","2018-12-03 00:00:00",Completed,8200.00
4631,1,,"11106966","2023-11-16 00:00:00",Completed,1503500.00
4632,1,,"11106966","2020-03-21 00:00:00",Completed,98200.00
4633,1,,"11106966","2023-09-03 00:00:00",Completed,91200.00
4634,1,,"11106966","2022-01-19 00:00:00",Completed,2473020.00
4635,1,,"11106966","2020-10-25 00:00:00",Completed,40500.00
4636,1,,"11106966","2023-02-01 00:00:00",Completed,283200.00
4637,1,,"11106966","2022-04-11 00:00:00",Completed,127800.00
4638,1,,"11106966","2023-10-23 00:00:00",Completed,89400.00
4639,1,,"11106966","2025-03-07 00:00:00",Completed,70290.00
4640,1,,"11106966","2018-06-05 00:00:00",Completed,6050.00
4641,1,,"11106966","2023-05-27 00:00:00",Completed,523020.00
4642,1,,"11106966","2021-11-04 00:00:00",Completed,415480.00
4643,1,,"11106966","2024-03-30 00:00:00",Completed,953400.00
4644,1,,"11106966","2025-01-13 00:00:00",Completed,699600.00
4645,1,,"11106966","2022-03-20 00:00:00",Completed,2533990.00
4646,1,,"11106966","2023-06-16 00:00:00",Completed,288800.00
4647,1,,"11106966","2018-08-09 00:00:00",Completed,32400.00
4648,1,,"11106966","2024-03-28 00:00:00",Completed,34590.00
4649,1,,"11106966","2019-04-06 00:00:00",Completed,9980.00
4650,1,,"11106966","2022-11-27 00:00:00",Completed,91530.00
4651,1,,"11106966","2018-07-01 00:00:00",Completed,214830.00
4652,1,,"11106966","2023-01-11 00:00:00",Completed,700.00
4653,1,,"11106966","2019-06-27 00:00:00",Completed,32200.00
4654,1,,"11106966","2025-01-04 00:00:00",Completed,747950.00
4655,1,,"11106966","2023-04-01 00:00:00",Completed,389650.00
4656,1,,"11106966","2022-05-30 00:00:00",Completed,939000.00
4657,1,,"11106966","2020-01-26 00:00:00",Completed,128400.00
4658,1,,"11106966","2025-07-20 00:00:00",Completed,20060.00
4659,1,,"11106966","2025-02-19 00:00:00",Completed,12630.00
4660,1,,"11106966","2019-08-26 00:00:00",Completed,36300.00
4661,1,,"11106966","2023-08-06 00:00:00",Completed,39700.00
4662,1,,"11106966","2025-05-03 00:00:00",Completed,121260.00
4663,1,,"11106966","2024-04-01 00:00:00",Completed,35310.00
4664,1,,"11106966","2018-06-27 00:00:00",Completed,2640120.00
4665,1,,"11106966","2018-01-17 00:00:00",Completed,45310.00
4666,1,,"11106966","2019-09-10 00:00:00",Completed,60820.00
4667,1,,"11106966","2022-07-04 00:00:00",Completed,9400.00
4668,1,,"11106966","2023-09-22 00:00:00",Completed,15170.00
4669,1,,"11106966","2024-07-05 00:00:00",Completed,123190.00
4670,1,,"11106966","2024-11-25 00:00:00",Completed,34400.00
4671,1,,"11106966","2024-08-07 00:00:00",Completed,12900.00
4672,1,,"11106966","2019-10-02 00:00:00",Completed,459600.00
4673,1,,"11106966","2022-03-25 00:00:00",Completed,922920.00
4674,1,,"11106966","2022-02-26 00:00:00",Completed,46400.00
4675,1,,"11106966","2021-03-23 00:00:00",Completed,265720.00
4676,1,,"11106966","2020-10-23 00:00:00",Completed,1003200.00
4677,1,,"11106966","2025-06-23 00:00:00",Completed,35910.00
4678,1,,"11106966","2022-01-16 00:00:00",Completed,255000.00
4679,1,,"11106966","2020-10-22 00:00:00",Completed,9881000.00
4680,1,,"11106966","2023-04-14 00:00:00",Completed,3144310.00
4681,1,,"11106966","2021-08-17 00:00:00",Completed,2400.00
4682,1,,"11106966","2021-03-24 00:00:00",Completed,32480.00
4683,1,,"11106966","2022-04-19 00:00:00",Completed,235130.00
4684,1,,"11106966","2018-05-19 00:00:00",Completed,36530.00
4685,1,,"11106966","2024-04-10 00:00:00",Completed,38400.00
4686,1,,"11106966","2023-07-10 00:00:00",Completed,407360.00
4687,1,,"11106966","2019-01-29 00:00:00",Completed,400400.00
4688,1,,"11106966","2022-01-16 00:00:00",Completed,169800.00
4689,1,,"11106966","2019-05-07 00:00:00",Completed,102960.00
4690,1,,"11106966","2019-05-11 00:00:00",Completed,1645000.00
4691,1,,"11106966","2023-05-21 00:00:00",Completed,1566560.00
4692,1,,"11106966","2023-07-09 00:00:00",Completed,1156080.00
4693,1,,"11106966","2021-09-21 00:00:00",Completed,61200.00
4694,1,,"11106966","2022-11-15 00:00:00",Completed,339450.00
4695,1,,"11106966","2024-04-09 00:00:00",Completed,90000.00
4696,1,,"11106966","2019-12-11 00:00:00",Completed,3500.00
4697,1,,"11106966","2022-07-16 00:00:00",Completed,100.00
4698,1,,"11106966","2024-04-30 00:00:00",Completed,75200.00
4699,1,,"11106966","2020-02-29 00:00:00",Completed,714400.00
4700,1,,"11106966","2021-01-12 00:00:00",Completed,497660.00
4701,1,,"11106966","2018-07-09 00:00:00",Completed,3255840.00
4702,1,,"11106966","2024-08-03 00:00:00",Completed,289900.00
4703,1,,"11106966","2023-12-19 00:00:00",Completed,49800.00
4704,1,,"11106966","2025-02-02 00:00:00",Completed,1745280.00
4705,1,,"11106966","2020-04-06 00:00:00",Completed,35800.00
4706,1,,"11106966","2019-08-31 00:00:00",Completed,253950.00
4707,1,,"11106966","2021-03-12 00:00:00",Completed,49970.00
4708,1,,"11106966","2021-04-13 00:00:00",Completed,161310.00
4709,1,,"11106966","2020-08-30 00:00:00",Completed,373970.00
4710,1,,"11106966","2024-05-03 00:00:00",Completed,316680.00
4711,1,,"11106966","2018-04-09 00:00:00",Completed,226100.00
4712,1,,"11106966","2019-05-26 00:00:00",Completed,7900.00
4713,1,,"11106966","2022-01-17 00:00:00",Completed,71390.00
4714,1,,"11106966","2022-04-28 00:00:00",Completed,2559600.00
4715,1,,"11106966","2022-04-10 00:00:00",Completed,29100.00
4716,1,,"11106966","2021-04-08 00:00:00",Completed,91660.00
4717,1,,"11596582","2019-10-24 00:00:00",Completed,1657340.00
4718,1,,"11596582","2024-09-04 00:00:00",Completed,28160.00
4719,1,,"11596582","2018-10-02 00:00:00",Completed,300.00
4720,1,,"11596582","2023-04-02 00:00:00",Completed,10580.00
4721,1,,"11596582","2018-04-11 00:00:00",Completed,500180.00
4722,1,,"11596582","2021-07-08 00:00:00",Completed,85550.00
4723,1,,"11596582","2024-04-03 00:00:00",Completed,882260.00
4724,1,,"11596582","2021-09-15 00:00:00",Completed,312480.00
4725,1,,"11596582","2024-10-07 00:00:00",Completed,1029500.00
4726,1,,"11596582","2019-05-30 00:00:00",Completed,99650.00
4727,1,,"11596582","2025-03-05 00:00:00",Completed,842800.00
4728,1,,"11596582","2018-07-12 00:00:00",Completed,22930.00
4729,1,,"11596582","2024-06-19 00:00:00",Completed,500.00
4730,1,,"11596582","2022-11-07 00:00:00",Completed,700.00
4731,1,,"11596582","2022-06-28 00:00:00",Completed,53600.00
4732,1,,"11596582","2022-05-04 00:00:00",Completed,75600.00
4733,1,,"11596582","2025-06-18 00:00:00",Completed,932760.00
4734,1,,"11596582","2020-04-30 00:00:00",Completed,51200.00
4735,1,,"11596582","2018-05-21 00:00:00",Completed,97350.00
4736,1,,"11596582","2023-02-27 00:00:00",Completed,105000.00
4737,1,,"11596582","2022-10-15 00:00:00",Completed,25510.00
4738,1,,"11596582","2021-12-06 00:00:00",Completed,88740.00
4739,1,,"11596582","2019-10-07 00:00:00",Completed,157820.00
4740,1,,"11596582","2019-04-29 00:00:00",Completed,83100.00
4741,1,,"11596582","2019-01-23 00:00:00",Completed,1732610.00
4742,1,,"11596582","2018-09-24 00:00:00",Completed,567420.00
4743,1,,"11596582","2018-03-12 00:00:00",Completed,230910.00
4744,1,,"11596582","2022-02-16 00:00:00",Completed,2719940.00
4745,1,,"11596582","2025-04-19 00:00:00",Completed,30480.00
4746,1,,"11596582","2019-07-12 00:00:00",Completed,24210.00
4747,1,,"11596582","2023-06-24 00:00:00",Completed,2576000.00
4748,1,,"11596582","2021-12-16 00:00:00",Completed,968250.00
4749,1,,"11596582","2023-01-02 00:00:00",Completed,4483440.00
4750,1,,"11596582","2024-07-17 00:00:00",Completed,33000.00
4751,1,,"11596582","2021-10-25 00:00:00",Completed,38280.00
4752,1,,"11596582","2024-05-08 00:00:00",Completed,551300.00
4753,1,,"11596582","2021-10-27 00:00:00",Completed,149730.00
4754,1,,"11596582","2021-05-10 00:00:00",Completed,17290.00
4755,1,,"11596582","2024-11-13 00:00:00",Completed,807720.00
4756,1,,"11596582","2020-07-16 00:00:00",Completed,2634660.00
4757,1,,"11596582","2020-06-18 00:00:00",Completed,112900.00
4758,1,,"11596582","2021-06-25 00:00:00",Completed,577300.00
4759,1,,"11596582","2023-12-26 00:00:00",Completed,57360.00
4760,1,,"11596582","2023-03-27 00:00:00",Completed,141400.00
4761,1,,"11596582","2021-01-15 00:00:00",Completed,14010.00
4762,1,,"11596582","2022-03-08 00:00:00",Completed,24740.00
4763,1,,"11596582","2020-04-02 00:00:00",Completed,13800.00
4764,1,,"11596582","2023-10-21 00:00:00",Completed,680400.00
4765,1,,"11596582","2019-12-15 00:00:00",Completed,729830.00
4766,1,,"11596582","2019-03-31 00:00:00",Completed,537600.00
4767,1,,"11596582","2022-04-10 00:00:00",Completed,115140.00
4768,1,,"11596582","2022-02-25 00:00:00",Completed,131040.00
4769,1,,"11596582","2024-09-26 00:00:00",Completed,80800.00
4770,1,,"11596582","2022-11-02 00:00:00",Completed,377480.00
4771,1,,"11596582","2019-10-04 00:00:00",Completed,17400.00
4772,1,,"11596582","2022-09-23 00:00:00",Completed,717600.00
4773,1,,"11596582","2022-07-24 00:00:00",Completed,540500.00
4774,1,,"11596582","2024-10-17 00:00:00",Completed,12240.00
4775,1,,"11596582","2024-10-06 00:00:00",Completed,128000.00
4776,1,,"11596582","2018-07-17 00:00:00",Completed,41700.00
4777,1,,"11596582","2022-05-10 00:00:00",Completed,6057900.00
4778,1,,"11596582","2018-11-01 00:00:00",Completed,7680.00
4779,1,,"11596582","2020-02-21 00:00:00",Completed,8440.00
4780,1,,"11596582","2021-12-17 00:00:00",Completed,525670.00
4781,1,,"11596582","2023-08-19 00:00:00",Completed,144900.00
4782,1,,"11596582","2021-04-20 00:00:00",Completed,24900.00
4783,1,,"11596582","2024-07-01 00:00:00",Completed,105640.00
4784,1,,"11596582","2021-01-11 00:00:00",Completed,98940.00
4785,1,,"11596582","2024-03-19 00:00:00",Completed,589250.00
4786,1,,"11596582","2024-07-29 00:00:00",Completed,600.00
4787,1,,"11596582","2024-04-05 00:00:00",Completed,94090.00
4788,1,,"11596582","2019-02-08 00:00:00",Completed,49300.00
4789,1,,"11596582","2018-07-19 00:00:00",Completed,21150.00
4790,1,,"11596582","2021-09-12 00:00:00",Completed,41580.00
4791,1,,"11596582","2022-04-05 00:00:00",Completed,666400.00
4792,1,,"11596582","2025-05-02 00:00:00",Completed,886440.00
4793,1,,"11596582","2025-02-14 00:00:00",Completed,202300.00
4794,1,,"11596582","2020-06-22 00:00:00",Completed,712800.00
4795,1,,"11596582","2021-06-21 00:00:00",Completed,6660.00
4796,1,,"11596582","2020-08-05 00:00:00",Completed,1300.00
4797,1,,"11596582","2020-01-19 00:00:00",Completed,85200.00
4798,1,,"11596582","2021-12-29 00:00:00",Completed,15500.00
4799,1,,"11596582","2018-03-23 00:00:00",Completed,42220.00
4800,1,,"11596582","2022-04-09 00:00:00",Completed,104400.00
4801,1,,"11596582","2024-06-18 00:00:00",Completed,30400.00
4802,1,,"11596582","2019-05-22 00:00:00",Completed,16800.00
4803,1,,"11596582","2019-12-18 00:00:00",Completed,38300.00
4804,1,,"11596582","2023-08-29 00:00:00",Completed,35340.00
4805,1,,"11596582","2024-02-08 00:00:00",Completed,2875000.00
4806,1,,"12369430","2021-01-28 00:00:00",Completed,20950.00
4807,1,,"12369430","2020-03-22 00:00:00",Completed,68520.00
4808,1,,"12369430","2018-06-08 00:00:00",Completed,268640.00
4809,1,,"12369430","2021-09-20 00:00:00",Completed,45700.00
4810,1,,"12369430","2024-09-06 00:00:00",Completed,1034800.00
4811,1,,"12369430","2022-10-27 00:00:00",Completed,1400.00
4812,1,,"12369430","2020-04-01 00:00:00",Completed,67030.00
4813,1,,"12369430","2023-08-25 00:00:00",Completed,638120.00
4814,1,,"12369430","2019-02-01 00:00:00",Completed,24000.00
4815,1,,"12369430","2025-01-11 00:00:00",Completed,166400.00
4816,1,,"12369430","2018-11-07 00:00:00",Completed,513240.00
4817,1,,"12369430","2020-05-26 00:00:00",Completed,28400.00
4818,1,,"12369430","2024-12-08 00:00:00",Completed,24680.00
4819,1,,"12369430","2024-01-03 00:00:00",Completed,50400.00
4820,1,,"12369430","2021-05-10 00:00:00",Completed,35200.00
4821,1,,"12369430","2021-05-30 00:00:00",Completed,87120.00
4822,1,,"12369430","2018-11-27 00:00:00",Completed,204510.00
4823,1,,"12369430","2025-07-07 00:00:00",Completed,600620.00
4824,1,,"12369430","2025-01-23 00:00:00",Completed,3060000.00
4825,1,,"12369430","2024-08-01 00:00:00",Completed,648650.00
4826,1,,"12369430","2018-08-10 00:00:00",Completed,1225000.00
4827,1,,"12369430","2023-02-07 00:00:00",Completed,10030.00
4828,1,,"12369430","2021-12-07 00:00:00",Completed,124560.00
4829,1,,"12369430","2020-09-08 00:00:00",Completed,134820.00
4830,1,,"12369430","2019-12-02 00:00:00",Completed,34740.00
4831,1,,"12369430","2023-07-01 00:00:00",Completed,127800.00
4832,1,,"12369430","2019-12-09 00:00:00",Completed,117790.00
4833,1,,"12369430","2020-04-13 00:00:00",Completed,184000.00
4834,1,,"12369430","2020-12-05 00:00:00",Completed,234780.00
4835,1,,"12369430","2024-07-12 00:00:00",Completed,37040.00
4836,1,,"12369430","2021-10-28 00:00:00",Completed,2344650.00
4837,1,,"12369430","2020-04-07 00:00:00",Completed,20710.00
4838,1,,"12369430","2025-02-27 00:00:00",Completed,3260.00
4839,1,,"12369430","2021-03-06 00:00:00",Completed,420730.00
4840,1,,"12369430","2020-02-23 00:00:00",Completed,1070100.00
4841,1,,"12369430","2022-07-13 00:00:00",Completed,3680.00
4842,1,,"12369430","2020-04-22 00:00:00",Completed,5040.00
4843,1,,"12369430","2022-04-28 00:00:00",Completed,701220.00
4844,1,,"12369430","2024-08-07 00:00:00",Completed,4265600.00
4845,1,,"12369430","2025-05-30 00:00:00",Completed,393800.00
4846,1,,"12369430","2022-05-18 00:00:00",Completed,131130.00
4847,1,,"12369430","2020-05-03 00:00:00",Completed,200.00
4848,1,,"12369430","2018-09-28 00:00:00",Completed,102000.00
4849,1,,"12369430","2023-09-06 00:00:00",Completed,173450.00
4850,1,,"12369430","2022-04-11 00:00:00",Completed,570650.00
4851,1,,"12369430","2020-02-18 00:00:00",Completed,180580.00
4852,1,,"12369430","2025-03-02 00:00:00",Completed,20500.00
4853,1,,"12369430","2025-04-29 00:00:00",Completed,81420.00
4854,1,,"12369430","2020-01-07 00:00:00",Completed,112610.00
4855,1,,"12369430","2024-07-01 00:00:00",Completed,15800.00
4856,1,,"12369430","2019-11-08 00:00:00",Completed,48130.00
4857,1,,"12369430","2020-02-07 00:00:00",Completed,33500.00
4858,1,,"12369430","2018-05-11 00:00:00",Completed,10370.00
4859,1,,"12369430","2025-05-17 00:00:00",Completed,6300.00
4860,1,,"12369430","2018-09-20 00:00:00",Completed,79200.00
4861,1,,"12369430","2024-07-05 00:00:00",Completed,100000.00
4862,1,,"12369430","2019-09-19 00:00:00",Completed,1791000.00
4863,1,,"12369430","2025-02-19 00:00:00",Completed,745290.00
4864,1,,"12369430","2023-09-23 00:00:00",Completed,26140.00
4865,1,,"12369430","2021-01-07 00:00:00",Completed,41320.00
4866,1,,"12369430","2019-12-20 00:00:00",Completed,46600.00
4867,1,,"12369430","2021-06-14 00:00:00",Completed,174640.00
4868,1,,"12369430","2023-02-04 00:00:00",Completed,4310.00
4869,1,,"12369430","2023-06-15 00:00:00",Completed,280000.00
4870,1,,"12369430","2018-02-08 00:00:00",Completed,465000.00
4871,1,,"12369430","2019-09-04 00:00:00",Completed,33260.00
4872,1,,"12369430","2025-06-06 00:00:00",Completed,462000.00
4873,1,,"12369430","2019-12-22 00:00:00",Completed,67800.00
4874,1,,"12369430","2020-04-11 00:00:00",Completed,226560.00
4875,1,,"12369430","2025-06-18 00:00:00",Completed,897320.00
4876,1,,"12369430","2018-06-10 00:00:00",Completed,92000.00
4877,1,,"12369430","2018-06-01 00:00:00",Completed,700000.00
4878,1,,"12369430","2021-11-19 00:00:00",Completed,590730.00
4879,1,,"12369430","2018-08-19 00:00:00",Completed,974850.00
4880,1,,"12369430","2018-01-29 00:00:00",Completed,64400.00
4881,1,,"12369430","2018-05-18 00:00:00",Completed,87780.00
4882,1,,"12369430","2024-05-22 00:00:00",Completed,236520.00
4883,1,,"12369430","2019-09-10 00:00:00",Completed,1028580.00
4884,1,,"12369430","2024-07-14 00:00:00",Completed,9200.00
4885,1,,"12369430","2020-01-30 00:00:00",Completed,156580.00
4886,1,,"12369430","2022-01-22 00:00:00",Completed,175100.00
4887,1,,"12369430","2022-01-13 00:00:00",Completed,46130.00
4888,1,,"12369430","2023-06-25 00:00:00",Completed,99000.00
4889,1,,"12369430","2024-05-17 00:00:00",Completed,684000.00
4890,1,,"12369430","2022-10-10 00:00:00",Completed,1302000.00
4891,1,,"12369430","2025-03-16 00:00:00",Completed,271800.00
4892,1,,"12410582","2024-02-11 00:00:00",Completed,1360100.00
4893,1,,"12410582","2021-07-12 00:00:00",Completed,4850390.00
4894,1,,"12410582","2019-10-03 00:00:00",Completed,37300.00
4895,1,,"12410582","2023-11-09 00:00:00",Completed,717950.00
4896,1,,"12410582","2018-04-16 00:00:00",Completed,41220.00
4897,1,,"12410582","2022-01-07 00:00:00",Completed,127000.00
4898,1,,"12410582","2025-05-20 00:00:00",Completed,5100.00
4899,1,,"12410582","2021-05-10 00:00:00",Completed,1900.00
4900,1,,"12410582","2024-10-29 00:00:00",Completed,778510.00
4901,1,,"12410582","2023-01-08 00:00:00",Completed,1358000.00
4902,1,,"12410582","2020-02-13 00:00:00",Completed,131040.00
4903,1,,"12410582","2025-06-30 00:00:00",Completed,25800.00
4904,1,,"12410582","2019-07-20 00:00:00",Completed,55240.00
4905,1,,"12410582","2024-02-09 00:00:00",Completed,1763000.00
4906,1,,"12410582","2020-12-04 00:00:00",Completed,10362880.00
4907,1,,"12410582","2023-11-08 00:00:00",Completed,385000.00
4908,1,,"12410582","2019-04-25 00:00:00",Completed,283930.00
4909,1,,"12410582","2024-12-20 00:00:00",Completed,337400.00
4910,1,,"12410582","2025-05-16 00:00:00",Completed,41380.00
4911,1,,"12410582","2018-04-27 00:00:00",Completed,1299600.00
4912,1,,"12410582","2023-01-17 00:00:00",Completed,82030.00
4913,1,,"12410582","2020-11-19 00:00:00",Completed,27800.00
4914,1,,"12410582","2022-11-06 00:00:00",Completed,419040.00
4915,1,,"12410582","2021-11-18 00:00:00",Completed,920700.00
4916,1,,"12410582","2025-01-30 00:00:00",Completed,21800.00
4917,1,,"12410582","2019-05-31 00:00:00",Completed,60500.00
4918,1,,"12410582","2020-04-14 00:00:00",Completed,712500.00
4919,1,,"12410582","2025-07-04 00:00:00",Completed,1157520.00
4920,1,,"12410582","2020-08-25 00:00:00",Completed,31140.00
4921,1,,"12410582","2024-07-01 00:00:00",Completed,157250.00
4922,1,,"12410582","2024-05-06 00:00:00",Completed,267260.00
4923,1,,"12410582","2021-11-29 00:00:00",Completed,173200.00
4924,1,,"12410582","2022-07-17 00:00:00",Completed,181640.00
4925,1,,"12410582","2018-04-14 00:00:00",Completed,907500.00
4926,1,,"12410582","2023-05-26 00:00:00",Completed,322960.00
4927,1,,"12410582","2019-09-15 00:00:00",Completed,198600.00
4928,1,,"12410582","2018-08-03 00:00:00",Completed,618000.00
4929,1,,"12410582","2022-05-24 00:00:00",Completed,2117630.00
4930,1,,"12410582","2020-02-20 00:00:00",Completed,851760.00
4931,1,,"12410582","2023-02-24 00:00:00",Completed,9100.00
4932,1,,"12410582","2019-04-16 00:00:00",Completed,33460.00
4933,1,,"12410582","2018-08-20 00:00:00",Completed,28220.00
4934,1,,"12410582","2024-09-06 00:00:00",Completed,81180.00
4935,1,,"12410582","2024-07-01 00:00:00",Completed,127750.00
4936,1,,"12410582","2025-06-30 00:00:00",Completed,26700.00
4937,1,,"12410582","2020-10-06 00:00:00",Completed,2700.00
4938,1,,"12410582","2023-06-21 00:00:00",Completed,370440.00
4939,1,,"12410582","2019-08-13 00:00:00",Completed,251100.00
4940,1,,"12410582","2023-07-15 00:00:00",Completed,694920.00
4941,1,,"12410582","2019-11-11 00:00:00",Completed,2430000.00
4942,1,,"12410582","2020-01-28 00:00:00",Completed,257080.00
4943,1,,"12410582","2020-05-04 00:00:00",Completed,871910.00
4944,1,,"12410582","2022-12-23 00:00:00",Completed,2520.00
4945,1,,"12410582","2022-07-01 00:00:00",Completed,1600.00
4946,1,,"12410582","2021-04-11 00:00:00",Completed,278590.00
4947,1,,"12410582","2021-02-24 00:00:00",Completed,606060.00
4948,1,,"12410582","2018-10-05 00:00:00",Completed,5220.00
4949,1,,"12410582","2024-09-28 00:00:00",Completed,986300.00
4950,1,,"12410582","2018-06-27 00:00:00",Completed,187600.00
4951,1,,"12410582","2020-02-12 00:00:00",Completed,2635000.00
4952,1,,"12410582","2021-04-14 00:00:00",Completed,846000.00
4953,1,,"12410582","2023-02-13 00:00:00",Completed,222400.00
4954,1,,"12410582","2019-04-29 00:00:00",Completed,31430.00
4955,1,,"12410582","2019-02-05 00:00:00",Completed,26400.00
4956,1,,"12410582","2023-12-31 00:00:00",Completed,902720.00
4957,1,,"12410582","2024-06-10 00:00:00",Completed,106410.00
4958,1,,"12410582","2022-06-09 00:00:00",Completed,29990.00
4959,1,,"12410582","2020-05-14 00:00:00",Completed,1300.00
4960,1,,"12410582","2024-05-03 00:00:00",Completed,24422400.00
4961,1,,"12410582","2021-02-04 00:00:00",Completed,32200.00
4962,1,,"12410582","2022-08-24 00:00:00",Completed,50400.00
4963,1,,"12410582","2022-01-18 00:00:00",Completed,704700.00
4964,1,,"12410582","2024-01-21 00:00:00",Completed,123840.00
4965,1,,"12410582","2021-12-20 00:00:00",Completed,75000.00
4966,1,,"12410582","2021-07-07 00:00:00",Completed,186030.00
4967,1,,"12410582","2021-10-16 00:00:00",Completed,600.00
4968,1,,"12410582","2025-04-21 00:00:00",Completed,121500.00
4969,1,,"12410582","2025-02-24 00:00:00",Completed,672600.00
4970,1,,"12410582","2022-04-17 00:00:00",Completed,690200.00
4971,1,,"12410582","2023-02-17 00:00:00",Completed,568400.00
4972,1,,"12410582","2021-01-23 00:00:00",Completed,37600.00
4973,1,,"12410582","2018-11-19 00:00:00",Completed,300.00
4974,1,,"12410582","2021-03-15 00:00:00",Completed,1200.00
4975,1,,"12410582","2020-06-28 00:00:00",Completed,2330730.00
4976,1,,"12410582","2024-05-04 00:00:00",Completed,726240.00
4977,1,,"12410582","2019-06-09 00:00:00",Completed,3200.00
4978,1,,"12410582","2019-02-11 00:00:00",Completed,337820.00
4979,1,,"12410582","2021-11-30 00:00:00",Completed,4800600.00
4980,1,,"12410582","2023-10-28 00:00:00",Completed,10148590.00
4981,1,,"12410582","2022-03-15 00:00:00",Completed,640200.00
4982,1,,"12410582","2025-02-12 00:00:00",Completed,1416000.00
4983,1,,"12837230","2024-02-11 00:00:00",Completed,682100.00
4984,1,,"12837230","2021-04-09 00:00:00",Completed,105800.00
4985,1,,"12837230","2024-06-18 00:00:00",Completed,351650.00
4986,1,,"12837230","2018-05-30 00:00:00",Completed,104400.00
4987,1,,"12837230","2024-05-21 00:00:00",Completed,207200.00
4988,1,,"12837230","2021-10-01 00:00:00",Completed,3440.00
4989,1,,"12837230","2023-04-04 00:00:00",Completed,686000.00
4990,1,,"12837230","2018-06-23 00:00:00",Completed,211970.00
4991,1,,"12837230","2023-08-08 00:00:00",Completed,108000.00
4992,1,,"12837230","2019-10-30 00:00:00",Completed,1429700.00
4993,1,,"12837230","2024-10-27 00:00:00",Completed,145700.00
4994,1,,"12837230","2022-10-18 00:00:00",Completed,464170.00
4995,1,,"12837230","2022-09-22 00:00:00",Completed,1092000.00
4996,1,,"12837230","2018-01-28 00:00:00",Completed,197030.00
4997,1,,"12837230","2023-07-16 00:00:00",Completed,11970.00
4998,1,,"12837230","2022-11-14 00:00:00",Completed,18930.00
4999,1,,"12837230","2018-04-05 00:00:00",Completed,1928500.00
5000,1,,"12837230","2018-12-07 00:00:00",Completed,75580.00
8192,1,2,"00160690","2025-11-19 16:52:04",Pending,3700.00
8193,3,4,"00160690","2025-11-19 17:48:18",Pending,4000.00
8194,1,2,"00160690","2025-11-20 06:19:15",Pending,500.00
8195,3,4,"00160690","2025-11-24 09:41:09",Pending,3500.00
8199,3,4,"00160690","2025-11-26 09:05:49",Pending,3500.00
8200,3,4,"99029913","2025-11-26 09:05:49",Pending,500.00
8201,3,4,"00224322","2025-11-26 10:30:16",Pending,100.00
